Data de criação;Tier;Nome de Rota do Sucesso;Status Rota de Sucesso;Conta: Status da conta na Torre;Proprietário: Nome completo;Dias em contratos finalizados;Dias em contratos ativos;Dias vendidos;Meta de dias contratados;Conta: Nome do cliente;Valor Crédito;Data da última atividade;Gerente de Sucesso Torre
30/11/2024;Tier 5;RS-000260;Autonomia;Churn;José Bento;4.0;;4.0;100;2AE AEREO E RODOVIARIO TRANSPORTES;;;
30/11/2024;Tier 5;RS-000260;Autonomia;Churn;José Bento;6.0;;6.0;100;2AE AEREO E RODOVIARIO TRANSPORTES;;;
30/11/2024;Tier 5;RS-000260;Autonomia;Churn;José Bento;1.0;;1.0;100;2AE AEREO E RODOVIARIO TRANSPORTES;;;
30/11/2024;Tier 5;RS-000260;Autonomia;Churn;José Bento;3.0;;3.0;100;2AE AEREO E RODOVIARIO TRANSPORTES;;;
30/11/2024;Tier 5;RS-000260;Autonomia;Churn;José Bento;4.0;;4.0;100;2AE AEREO E RODOVIARIO TRANSPORTES;;;
30/11/2024;Tier 5;RS-000260;Autonomia;Churn;José Bento;4.0;;4.0;100;2AE AEREO E RODOVIARIO TRANSPORTES;;;
30/11/2024;Tier 5;RS-000260;Autonomia;Churn;José Bento;5.0;;5.0;100;2AE AEREO E RODOVIARIO TRANSPORTES;;;
30/11/2024;Tier 5;RS-000260;Autonomia;Churn;José Bento;4.0;;4.0;100;2AE AEREO E RODOVIARIO TRANSPORTES;;;
28/05/2025;Tier 7;RS-000568;Embarque;Inativo;José Bento;;;;45;AGILIX SERVIÇOS LOGISTICOS LTDA;;;
30/12/2025;Tier 5;RS-000912;Rota Guiada;Ativo;Leonardo Ansolin Landt;2.0;;2.0;100;Ágil Metropolitana;;;
30/12/2025;Tier 5;RS-000912;Rota Guiada;Ativo;Leonardo Ansolin Landt;1.0;;1.0;100;Ágil Metropolitana;;;
30/12/2025;Tier 5;RS-000912;Rota Guiada;Ativo;Leonardo Ansolin Landt;1.0;;1.0;100;Ágil Metropolitana;;;
14/11/2024;Tier 6;RS-000213;Piloto;Churn;Lays Cunha;21.0;;21.0;20;Agroquimica Brasinha;;;
27/11/2025;Tier 7;RS-000848;Piloto;Inativo;José Bento;8.0;;8.0;45;Agrotrans Logística LTDA;;;
10/04/2025;Tier 8;RS-000482;Rota Guiada;Ativo;José Bento;1.0;;1.0;30;AJR MOVIMENTANDO EVENTOS;;;
10/04/2025;Tier 8;RS-000482;Rota Guiada;Ativo;José Bento;1.0;;1.0;30;AJR MOVIMENTANDO EVENTOS;;;
20/12/2024;Tier 5;RS-000303;Rota Guiada;Ativo;José Bento;5.0;;5.0;100;Ala Cargo;;;
20/12/2024;Tier 5;RS-000303;Rota Guiada;Ativo;José Bento;2.0;;2.0;100;Ala Cargo;;;
20/12/2024;Tier 5;RS-000303;Rota Guiada;Ativo;José Bento;2.0;;2.0;100;Ala Cargo;;;
20/12/2024;Tier 5;RS-000303;Rota Guiada;Ativo;José Bento;1.0;;1.0;100;Ala Cargo;;;
05/06/2025;Tier 8;RS-000581;Embarque;Inativo;Leonardo Ansolin Landt;;;;30;Alas Transportes;;;
16/05/2025;Tier 7;RS-000542;Embarque;Inativo;José Bento;;;;45;ALICON DO BRASIL TRANSPORTE E LOGISTICA LTDA;;;
06/01/2026;Tier 8;RS-000918;Rota Guiada;Ativo;Leonardo Ansolin Landt;2.0;;2.0;30;AMBIPAR ENVIRONMENT REVERSE MANUFACTURING S/A;;;
06/01/2026;Tier 8;RS-000918;Rota Guiada;Ativo;Leonardo Ansolin Landt;4.0;;4.0;30;AMBIPAR ENVIRONMENT REVERSE MANUFACTURING S/A;;;
06/01/2026;Tier 8;RS-000918;Rota Guiada;Ativo;Leonardo Ansolin Landt;3.0;;3.0;30;AMBIPAR ENVIRONMENT REVERSE MANUFACTURING S/A;;;
11/04/2025;Tier 4;RS-000484;Rota Guiada;Inativo;José Bento;1.0;;1.0;110;ANClog;;;
11/04/2025;Tier 4;RS-000484;Rota Guiada;Inativo;José Bento;5.0;;5.0;110;ANClog;;;
11/04/2025;Tier 4;RS-000484;Rota Guiada;Inativo;José Bento;4.0;;4.0;110;ANClog;;;
30/01/2025;Tier 7;RS-000354;Piloto;Churn;Leonardo Ansolin Landt;20.0;;20.0;45;Anjos Migara Transportes e Comercio Ltda;;;
11/08/2025;Tier 7;RS-000668;Rota Guiada;Inativo;Leonardo Ansolin Landt;6.0;;6.0;45;Araki transportes;;;
11/08/2025;Tier 7;RS-000668;Rota Guiada;Inativo;Leonardo Ansolin Landt;5.0;;5.0;45;Araki transportes;;;
21/02/2025;Tier 3;RS-000399;Rota Guiada;Inativo;José Bento;1.0;;1.0;120;ARGET LOGISTICA E TRANSPORTES LTDA (GTI);;;
21/02/2025;Tier 3;RS-000399;Rota Guiada;Inativo;José Bento;1.0;;1.0;120;ARGET LOGISTICA E TRANSPORTES LTDA (GTI);;;
26/11/2024;Tier 5;RS-000239;Início;Churn;José Bento;;;;100;ARIZONA LOGISTICA LTDA;;;
04/11/2024;Tier 8;RS-000195;Piloto;Churn;Lays Cunha;15.0;;15.0;5;Artefaço Artefatos;;;
03/11/2025;Tier 7;RS-000813;Rota Guiada;Ativo;Lays Cunha;1.0;;1.0;10;ATACADO 68 COMÉRCIO ATACADISTA DE MATERIAIS ELÉTRICOS;;;
03/11/2025;Tier 7;RS-000813;Rota Guiada;Ativo;Lays Cunha;1.0;;1.0;10;ATACADO 68 COMÉRCIO ATACADISTA DE MATERIAIS ELÉTRICOS;;;
03/11/2025;Tier 7;RS-000813;Rota Guiada;Ativo;Lays Cunha;1.0;;1.0;10;ATACADO 68 COMÉRCIO ATACADISTA DE MATERIAIS ELÉTRICOS;;;
03/11/2025;Tier 7;RS-000813;Rota Guiada;Ativo;Lays Cunha;1.0;;1.0;10;ATACADO 68 COMÉRCIO ATACADISTA DE MATERIAIS ELÉTRICOS;;;
03/11/2025;Tier 7;RS-000813;Rota Guiada;Ativo;Lays Cunha;2.0;;2.0;10;ATACADO 68 COMÉRCIO ATACADISTA DE MATERIAIS ELÉTRICOS;;;
26/09/2025;Tier 5;RS-000750;Embarque;Inativo;Lays Cunha;1.0;;1.0;30;B4A SERVIÇOS DE TECNOLOGIA COMERCIO S.A;;;
26/09/2025;Tier 5;RS-000750;Embarque;Inativo;Lays Cunha;1.0;;1.0;30;B4A SERVIÇOS DE TECNOLOGIA COMERCIO S.A;;;
26/09/2025;Tier 5;RS-000750;Embarque;Inativo;Lays Cunha;1.0;;1.0;30;B4A SERVIÇOS DE TECNOLOGIA COMERCIO S.A;;;
26/09/2025;Tier 5;RS-000750;Embarque;Inativo;Lays Cunha;1.0;;1.0;30;B4A SERVIÇOS DE TECNOLOGIA COMERCIO S.A;;;
26/09/2025;Tier 5;RS-000750;Embarque;Inativo;Lays Cunha;1.0;;1.0;30;B4A SERVIÇOS DE TECNOLOGIA COMERCIO S.A;;;
26/09/2025;Tier 5;RS-000750;Embarque;Inativo;Lays Cunha;1.0;;1.0;30;B4A SERVIÇOS DE TECNOLOGIA COMERCIO S.A;;;
26/09/2025;Tier 5;RS-000750;Embarque;Inativo;Lays Cunha;1.0;;1.0;30;B4A SERVIÇOS DE TECNOLOGIA COMERCIO S.A;;;
22/08/2025;Tier 5;RS-000690;Rota Guiada;Inativo;Lays Cunha;5.0;;5.0;30;BARRETO NOMAN;;;
22/08/2025;Tier 5;RS-000690;Rota Guiada;Inativo;Lays Cunha;4.0;;4.0;30;BARRETO NOMAN;;;
12/03/2025;Tier 4;RS-000425;Autonomia;Inativo;José Bento;5.0;;5.0;110;BAUER EXPRESS;;;
12/03/2025;Tier 4;RS-000425;Autonomia;Inativo;José Bento;8.0;;8.0;110;BAUER EXPRESS;;;
12/03/2025;Tier 4;RS-000425;Autonomia;Inativo;José Bento;4.0;;4.0;110;BAUER EXPRESS;;;
12/03/2025;Tier 4;RS-000425;Autonomia;Inativo;José Bento;1.0;;1.0;110;BAUER EXPRESS;;;
12/03/2025;Tier 4;RS-000425;Autonomia;Inativo;José Bento;1.0;;1.0;110;BAUER EXPRESS;;;
12/03/2025;Tier 4;RS-000425;Autonomia;Inativo;José Bento;1.0;;1.0;110;BAUER EXPRESS;;;
12/03/2025;Tier 4;RS-000425;Autonomia;Inativo;José Bento;4.0;;4.0;110;BAUER EXPRESS;;;
12/03/2025;Tier 4;RS-000425;Autonomia;Inativo;José Bento;4.0;;4.0;110;BAUER EXPRESS;;;
12/03/2025;Tier 4;RS-000425;Autonomia;Inativo;José Bento;4.0;;4.0;110;BAUER EXPRESS;;;
12/03/2025;Tier 4;RS-000425;Autonomia;Inativo;José Bento;5.0;;5.0;110;BAUER EXPRESS;;;
12/03/2025;Tier 4;RS-000425;Autonomia;Inativo;José Bento;6.0;;6.0;110;BAUER EXPRESS;;;
24/04/2025;Tier 5;RS-000501;Rota Guiada;Ativo;Lays Cunha;3.0;;3.0;30;Bello Alimentos Ltda;;;
24/04/2025;Tier 5;RS-000501;Rota Guiada;Ativo;Lays Cunha;1.0;;1.0;30;Bello Alimentos Ltda;;;
24/04/2025;Tier 5;RS-000501;Rota Guiada;Ativo;Lays Cunha;6.0;;6.0;30;Bello Alimentos Ltda;;;
24/10/2025;Tier 6;RS-000790;Autonomia;Ativo;José Bento;29.0;;29.0;60;BENINI E CIA;;;
24/10/2025;Tier 6;RS-000790;Autonomia;Ativo;José Bento;1.0;;1.0;60;BENINI E CIA;;;
18/03/2025;Tier 6;RS-000441;Rota Guiada;Inativo;Lays Cunha;3.0;;3.0;20;Bertin Bebidas Eireli;;;
18/03/2025;Tier 6;RS-000441;Rota Guiada;Inativo;Lays Cunha;5.0;;5.0;20;Bertin Bebidas Eireli;;;
02/02/2026;Tier 8;RS-000959;Piloto;Ativo;Leonardo Ansolin Landt;1.0;;1.0;30;BETTER CLEANER;;;
05/01/2026;Tier 4;RS-000915;Autonomia;Ativo;Lays Cunha;2.0;;2.0;110;Brasa Burguers;;;
05/01/2026;Tier 4;RS-000915;Autonomia;Ativo;Lays Cunha;2.0;;2.0;110;Brasa Burguers;;;
05/01/2026;Tier 4;RS-000915;Autonomia;Ativo;Lays Cunha;1.0;;1.0;110;Brasa Burguers;;;
05/01/2026;Tier 4;RS-000915;Autonomia;Ativo;Lays Cunha;2.0;;2.0;110;Brasa Burguers;;;
05/01/2026;Tier 4;RS-000915;Autonomia;Ativo;Lays Cunha;2.0;;2.0;110;Brasa Burguers;;;
05/01/2026;Tier 4;RS-000915;Autonomia;Ativo;Lays Cunha;2.0;;2.0;110;Brasa Burguers;;;
05/01/2026;Tier 4;RS-000915;Autonomia;Ativo;Lays Cunha;2.0;;2.0;110;Brasa Burguers;;;
05/01/2026;Tier 4;RS-000915;Autonomia;Ativo;Lays Cunha;2.0;;2.0;110;Brasa Burguers;;;
05/01/2026;Tier 4;RS-000915;Autonomia;Ativo;Lays Cunha;2.0;;2.0;110;Brasa Burguers;;;
05/01/2026;Tier 4;RS-000915;Autonomia;Ativo;Lays Cunha;4.0;;4.0;110;Brasa Burguers;;;
05/01/2026;Tier 4;RS-000915;Autonomia;Ativo;Lays Cunha;4.0;;4.0;110;Brasa Burguers;;;
05/01/2026;Tier 4;RS-000915;Autonomia;Ativo;Lays Cunha;4.0;;4.0;110;Brasa Burguers;;;
12/02/2026;Tier 6;RS-000981;Embarque;Inativo;José Bento;;;5.0;60;Brasil Way Logistica;;;
28/01/2026;Tier 8;RS-000952;Início;Ativo;Leonardo Ansolin Landt;;;;30;BRASPAN;;;
12/12/2025;Tier 7;RS-000881;Rota Guiada;Inativo;Leonardo Ansolin Landt;8.0;;8.0;45;BTL Brasil;;;
12/12/2025;Tier 7;RS-000881;Rota Guiada;Inativo;Leonardo Ansolin Landt;5.0;;5.0;45;BTL Brasil;;;
12/08/2025;Tier 7;RS-000672;Piloto;Inativo;José Bento;2.0;;2.0;45;Cargiotran Transportes Ltda;;;
24/07/2025;Tier 8;RS-000642;Piloto;Inativo;Leonardo Ansolin Landt;2.0;;2.0;30;Caroba transportes comércio e serviços ltda;;;
13/11/2024;Tier 5;RS-000201;Autonomia;Churn;Leonardo Ansolin Landt;1.0;;1.0;100;CASSOLOG TRANSPORTES RODOVIÁRIOS LTDA;;;
13/11/2024;Tier 5;RS-000201;Autonomia;Churn;Leonardo Ansolin Landt;2.0;;2.0;100;CASSOLOG TRANSPORTES RODOVIÁRIOS LTDA;;;
13/11/2024;Tier 5;RS-000201;Autonomia;Churn;Leonardo Ansolin Landt;2.0;;2.0;100;CASSOLOG TRANSPORTES RODOVIÁRIOS LTDA;;;
13/11/2024;Tier 5;RS-000201;Autonomia;Churn;Leonardo Ansolin Landt;1.0;;1.0;100;CASSOLOG TRANSPORTES RODOVIÁRIOS LTDA;;;
13/11/2024;Tier 5;RS-000201;Autonomia;Churn;Leonardo Ansolin Landt;4.0;;4.0;100;CASSOLOG TRANSPORTES RODOVIÁRIOS LTDA;;;
01/10/2024;Tier 8;RS-000069;Piloto;Churn;Lays Cunha;2.0;;2.0;5;CCAE IMPORTADORA DE FERTILIZANTES LTDA;;;
04/04/2025;Tier 7;RS-000473;Rota Guiada;Inativo;Lays Cunha;3.0;;3.0;10;Cemaço;;;
04/04/2025;Tier 7;RS-000473;Rota Guiada;Inativo;Lays Cunha;1.0;;1.0;10;Cemaço;;;
04/04/2025;Tier 7;RS-000473;Rota Guiada;Inativo;Lays Cunha;4.0;;4.0;10;Cemaço;;;
08/12/2025;Tier 2;RS-000869;Embarque;Inativo;Leonardo Ansolin Landt;6.0;;6.0;130;CEREALISTA LUDVIG LTDA;;;
08/12/2025;Tier 2;RS-000869;Embarque;Inativo;Leonardo Ansolin Landt;3.0;;3.0;130;CEREALISTA LUDVIG LTDA;;;
08/12/2025;Tier 2;RS-000869;Embarque;Inativo;Leonardo Ansolin Landt;7.0;;7.0;130;CEREALISTA LUDVIG LTDA;;;
05/03/2026;Tier 5;RS-001016;Rota Guiada;Ativo;Leonardo Ansolin Landt;;5.0;5.0;100;Cidex Logistica ltda;;;
05/03/2026;Tier 5;RS-001016;Rota Guiada;Ativo;Leonardo Ansolin Landt;;5.0;5.0;100;Cidex Logistica ltda;;;
05/03/2026;Tier 5;RS-001016;Rota Guiada;Ativo;Leonardo Ansolin Landt;;5.0;5.0;100;Cidex Logistica ltda;;;
18/02/2025;Tier 8;RS-000391;Rota Guiada;Churn;Lays Cunha;1.0;;1.0;5;comercial eduar;;;
18/02/2025;Tier 8;RS-000391;Rota Guiada;Churn;Lays Cunha;1.0;;1.0;5;comercial eduar;;;
13/11/2025;Tier 6;RS-000826;Autonomia;Ativo;Leonardo Ansolin Landt;28.0;;28.0;60;COMERCIO E TRANSPORTES DIB;;;
13/11/2025;Tier 6;RS-000826;Autonomia;Ativo;Leonardo Ansolin Landt;6.0;;6.0;60;COMERCIO E TRANSPORTES DIB;;;
13/11/2025;Tier 6;RS-000826;Autonomia;Ativo;Leonardo Ansolin Landt;6.0;;6.0;60;COMERCIO E TRANSPORTES DIB;;;
13/11/2025;Tier 6;RS-000826;Autonomia;Ativo;Leonardo Ansolin Landt;3.0;;3.0;60;COMERCIO E TRANSPORTES DIB;;;
13/11/2025;Tier 6;RS-000826;Autonomia;Ativo;Leonardo Ansolin Landt;10.0;;10.0;60;COMERCIO E TRANSPORTES DIB;;;
13/11/2025;Tier 6;RS-000826;Autonomia;Ativo;Leonardo Ansolin Landt;7.0;;7.0;60;COMERCIO E TRANSPORTES DIB;;;
13/11/2025;Tier 6;RS-000826;Autonomia;Ativo;Leonardo Ansolin Landt;4.0;;4.0;60;COMERCIO E TRANSPORTES DIB;;;
26/02/2026;Tier 8;RS-001006;Piloto;Ativo;José Bento;2.0;;2.0;30;Coruscant Ltda;;;
26/02/2026;Tier 8;RS-001006;Piloto;Ativo;José Bento;;;2.0;30;Coruscant Ltda;;;
25/09/2024;Tier 8;RS-000034;Autonomia;Churn;José Bento;3.0;;3.0;30;CRG Transportes;;;
25/09/2024;Tier 8;RS-000034;Autonomia;Churn;José Bento;;1.0;1.0;30;CRG Transportes;;;
25/09/2024;Tier 8;RS-000034;Autonomia;Churn;José Bento;7.0;;7.0;30;CRG Transportes;;;
06/03/2026;Tier 7;RS-001020;Embarque;Inativo;José Bento;;;1.0;45;Dajex Transportes;;;
15/12/2025;Tier 5;RS-000886;Embarque;Inativo;Leonardo Ansolin Landt;;;;100;Dcan Transportes;;;
23/09/2024;Tier 3;RS-000020;Autonomia;Churn;Leonardo Ansolin Landt;15.0;;15.0;120;Dellmar Transportes LTDA;;;
23/09/2024;Tier 3;RS-000020;Autonomia;Churn;Leonardo Ansolin Landt;15.0;;15.0;120;Dellmar Transportes LTDA;;;
23/09/2024;Tier 3;RS-000020;Autonomia;Churn;Leonardo Ansolin Landt;15.0;;15.0;120;Dellmar Transportes LTDA;;;
23/09/2024;Tier 3;RS-000020;Autonomia;Churn;Leonardo Ansolin Landt;15.0;;15.0;120;Dellmar Transportes LTDA;;;
23/09/2024;Tier 3;RS-000020;Autonomia;Churn;Leonardo Ansolin Landt;15.0;;15.0;120;Dellmar Transportes LTDA;;;
23/09/2024;Tier 3;RS-000020;Autonomia;Churn;Leonardo Ansolin Landt;15.0;;15.0;120;Dellmar Transportes LTDA;;;
23/09/2024;Tier 3;RS-000020;Autonomia;Churn;Leonardo Ansolin Landt;15.0;;15.0;120;Dellmar Transportes LTDA;;;
19/12/2025;Tier 6;RS-000903;Rota Guiada;Ativo;Lays Cunha;3.0;;3.0;60;DISTRIBUIDORA DE BEBIDAS HEYDER CURY LTDA;;;
19/12/2025;Tier 6;RS-000903;Rota Guiada;Ativo;Lays Cunha;5.0;;5.0;60;DISTRIBUIDORA DE BEBIDAS HEYDER CURY LTDA;;;
01/10/2024;Tier 3;RS-000070;Autonomia;Ativo;Leonardo Ansolin Landt;7.0;;7.0;120;DL TRANSPORTES E LOGISTICA NACIONAL E INTERNACIONAL LTDA;;;
01/10/2024;Tier 3;RS-000070;Autonomia;Ativo;Leonardo Ansolin Landt;9.0;;9.0;120;DL TRANSPORTES E LOGISTICA NACIONAL E INTERNACIONAL LTDA;;;
01/10/2024;Tier 3;RS-000070;Autonomia;Ativo;Leonardo Ansolin Landt;3.0;;3.0;120;DL TRANSPORTES E LOGISTICA NACIONAL E INTERNACIONAL LTDA;;;
01/10/2024;Tier 3;RS-000070;Autonomia;Ativo;Leonardo Ansolin Landt;3.0;;3.0;120;DL TRANSPORTES E LOGISTICA NACIONAL E INTERNACIONAL LTDA;;;
01/10/2024;Tier 3;RS-000070;Autonomia;Ativo;Leonardo Ansolin Landt;4.0;;4.0;120;DL TRANSPORTES E LOGISTICA NACIONAL E INTERNACIONAL LTDA;;;
01/10/2024;Tier 3;RS-000070;Autonomia;Ativo;Leonardo Ansolin Landt;4.0;;4.0;120;DL TRANSPORTES E LOGISTICA NACIONAL E INTERNACIONAL LTDA;;;
01/10/2024;Tier 3;RS-000070;Autonomia;Ativo;Leonardo Ansolin Landt;4.0;;4.0;120;DL TRANSPORTES E LOGISTICA NACIONAL E INTERNACIONAL LTDA;;;
01/10/2024;Tier 3;RS-000070;Autonomia;Ativo;Leonardo Ansolin Landt;6.0;;6.0;120;DL TRANSPORTES E LOGISTICA NACIONAL E INTERNACIONAL LTDA;;;
22/07/2025;Tier 7;RS-000637;Piloto;Inativo;José Bento;14.0;;14.0;45;DTL Logística LTDA;;;
27/01/2026;Tier 4;RS-000948;Piloto;Ativo;Leonardo Ansolin Landt;3.0;;3.0;110;Du Gregório Comercio e Transportes Ltda;;;
27/02/2026;Tier 5;RS-001007;Embarque;Inativo;José Bento;;;5.0;30;Ecopower;;;
27/02/2026;Tier 5;RS-001007;Embarque;Inativo;José Bento;;;5.0;30;Ecopower;;;
27/02/2026;Tier 5;RS-001007;Embarque;Inativo;José Bento;;;5.0;30;Ecopower;;;
26/06/2025;Tier 6;RS-000600;Rota Guiada;Ativo;José Bento;14.0;;14.0;60;Ecotrans - Ecologia Transportes e Logistica Ltda;;;
26/06/2025;Tier 6;RS-000600;Rota Guiada;Ativo;José Bento;6.0;;6.0;60;Ecotrans - Ecologia Transportes e Logistica Ltda;;;
26/06/2025;Tier 6;RS-000600;Rota Guiada;Ativo;José Bento;;5.0;5.0;60;Ecotrans - Ecologia Transportes e Logistica Ltda;;;
04/10/2024;Tier 7;RS-000078;Autonomia;Ativo;Leonardo Ansolin Landt;1.0;;1.0;45;EDS Transportes;;;
04/10/2024;Tier 7;RS-000078;Autonomia;Ativo;Leonardo Ansolin Landt;3.0;;3.0;45;EDS Transportes;;;
04/10/2024;Tier 7;RS-000078;Autonomia;Ativo;Leonardo Ansolin Landt;2.0;;2.0;45;EDS Transportes;;;
04/10/2024;Tier 7;RS-000078;Autonomia;Ativo;Leonardo Ansolin Landt;5.0;;5.0;45;EDS Transportes;;;
04/10/2024;Tier 7;RS-000078;Autonomia;Ativo;Leonardo Ansolin Landt;7.0;;7.0;45;EDS Transportes;;;
03/09/2025;Tier 6;RS-000716;Início;Inativo;Lays Cunha;;;;20;Elgin;;;
25/03/2025;Tier 8;RS-000456;Rota Guiada;Inativo;Leonardo Ansolin Landt;1.0;;1.0;30;ELL LOG TRANSPORTES;;;
25/03/2025;Tier 8;RS-000456;Rota Guiada;Inativo;Leonardo Ansolin Landt;;1.0;1.0;30;ELL LOG TRANSPORTES;;;
25/03/2025;Tier 8;RS-000456;Rota Guiada;Inativo;Leonardo Ansolin Landt;1.0;;1.0;30;ELL LOG TRANSPORTES;;;
25/03/2025;Tier 8;RS-000456;Rota Guiada;Inativo;Leonardo Ansolin Landt;1.0;;1.0;30;ELL LOG TRANSPORTES;;;
22/10/2024;Tier 6;RS-000107;Embarque;Churn;Lays Cunha;;;;20;Empreendimentos Cimentao;;;
23/05/2025;Tier 5;RS-000560;Piloto;Inativo;Leonardo Ansolin Landt;;;;100;Époka Transportes Rodoviários;;;
21/07/2025;Tier 5;RS-000635;Autonomia;Ativo;Lays Cunha;1.0;;1.0;30;Excelente Comercio de Bebidas Ltda.;;;
21/07/2025;Tier 5;RS-000635;Autonomia;Ativo;Lays Cunha;1.0;;1.0;30;Excelente Comercio de Bebidas Ltda.;;;
21/07/2025;Tier 5;RS-000635;Autonomia;Ativo;Lays Cunha;1.0;;1.0;30;Excelente Comercio de Bebidas Ltda.;;;
21/07/2025;Tier 5;RS-000635;Autonomia;Ativo;Lays Cunha;3.0;;3.0;30;Excelente Comercio de Bebidas Ltda.;;;
21/07/2025;Tier 5;RS-000635;Autonomia;Ativo;Lays Cunha;2.0;;2.0;30;Excelente Comercio de Bebidas Ltda.;;;
21/07/2025;Tier 5;RS-000635;Autonomia;Ativo;Lays Cunha;2.0;;2.0;30;Excelente Comercio de Bebidas Ltda.;;;
21/07/2025;Tier 5;RS-000635;Autonomia;Ativo;Lays Cunha;4.0;;4.0;30;Excelente Comercio de Bebidas Ltda.;;;
21/07/2025;Tier 5;RS-000635;Autonomia;Ativo;Lays Cunha;5.0;;5.0;30;Excelente Comercio de Bebidas Ltda.;;;
21/07/2025;Tier 5;RS-000635;Autonomia;Ativo;Lays Cunha;2.0;;2.0;30;Excelente Comercio de Bebidas Ltda.;;;
21/07/2025;Tier 5;RS-000635;Autonomia;Ativo;Lays Cunha;1.0;;1.0;30;Excelente Comercio de Bebidas Ltda.;;;
17/12/2025;Tier 7;RS-000896;Embarque;Inativo;Lays Cunha;;;;45;EXPRESSO PAULINIA LOGISTICA E TRANSPORTES LTDA;;;
16/12/2025;Tier 7;RS-000890;Piloto;Inativo;José Bento;;;;45;EXPRESSO WGP;;;
27/11/2025;Tier 7;RS-000847;Embarque;Ativo;Leonardo Ansolin Landt;;;8.0;45;Exqlog 03;;;
02/06/2025;Tier 8;RS-000578;Autonomia;Inativo;Leonardo Ansolin Landt;1.0;;1.0;30;F.L Transportes e Logística;;;
02/06/2025;Tier 8;RS-000578;Autonomia;Inativo;Leonardo Ansolin Landt;1.0;;1.0;30;F.L Transportes e Logística;;;
02/06/2025;Tier 8;RS-000578;Autonomia;Inativo;Leonardo Ansolin Landt;1.0;;1.0;30;F.L Transportes e Logística;;;
02/06/2025;Tier 8;RS-000578;Autonomia;Inativo;Leonardo Ansolin Landt;1.0;;1.0;30;F.L Transportes e Logística;;;
02/06/2025;Tier 8;RS-000578;Autonomia;Inativo;Leonardo Ansolin Landt;1.0;;1.0;30;F.L Transportes e Logística;;;
02/06/2025;Tier 8;RS-000578;Autonomia;Inativo;Leonardo Ansolin Landt;2.0;;2.0;30;F.L Transportes e Logística;;;
02/06/2025;Tier 8;RS-000578;Autonomia;Inativo;Leonardo Ansolin Landt;1.0;;1.0;30;F.L Transportes e Logística;;;
02/06/2025;Tier 8;RS-000578;Autonomia;Inativo;Leonardo Ansolin Landt;1.0;;1.0;30;F.L Transportes e Logística;;;
24/09/2025;Tier 5;RS-000743;Piloto;Inativo;Leonardo Ansolin Landt;7.0;;7.0;100;Fantinato Transportes;;;
03/12/2024;Tier 6;RS-000261;Piloto;Inativo;Leonardo Ansolin Landt;15.0;;15.0;60;Fantoma;;;
02/10/2025;Tier 6;RS-000762;Autonomia;Inativo;José Bento;1.0;;1.0;60;Faster Log;;;
02/10/2025;Tier 6;RS-000762;Autonomia;Inativo;José Bento;8.0;;8.0;60;Faster Log;;;
02/10/2025;Tier 6;RS-000762;Autonomia;Inativo;José Bento;8.0;;8.0;60;Faster Log;;;
02/10/2025;Tier 6;RS-000762;Autonomia;Inativo;José Bento;11.0;;11.0;60;Faster Log;;;
14/04/2025;Tier 6;RS-000489;Autonomia;Ativo;Lays Cunha;5.0;;5.0;20;FENIX DISTRIBUIDORA DE BEBIDAS LTDA;;;
14/04/2025;Tier 6;RS-000489;Autonomia;Ativo;Lays Cunha;3.0;;3.0;20;FENIX DISTRIBUIDORA DE BEBIDAS LTDA;;;
14/04/2025;Tier 6;RS-000489;Autonomia;Ativo;Lays Cunha;1.0;;1.0;20;FENIX DISTRIBUIDORA DE BEBIDAS LTDA;;;
14/04/2025;Tier 6;RS-000489;Autonomia;Ativo;Lays Cunha;3.0;;3.0;20;FENIX DISTRIBUIDORA DE BEBIDAS LTDA;;;
14/04/2025;Tier 6;RS-000489;Autonomia;Ativo;Lays Cunha;3.0;;3.0;20;FENIX DISTRIBUIDORA DE BEBIDAS LTDA;;;
14/04/2025;Tier 6;RS-000489;Autonomia;Ativo;Lays Cunha;4.0;;4.0;20;FENIX DISTRIBUIDORA DE BEBIDAS LTDA;;;
14/04/2025;Tier 6;RS-000489;Autonomia;Ativo;Lays Cunha;3.0;;3.0;20;FENIX DISTRIBUIDORA DE BEBIDAS LTDA;;;
14/04/2025;Tier 6;RS-000489;Autonomia;Ativo;Lays Cunha;1.0;;1.0;20;FENIX DISTRIBUIDORA DE BEBIDAS LTDA;;;
17/02/2025;Tier 8;RS-000390;Piloto;Churn;Leonardo Ansolin Landt;3.0;;3.0;30;F J LOGISTICA E TRANSPORTE LTDA;;;
29/05/2025;Tier 6;RS-000569;Autonomia;Inativo;Lays Cunha;1.0;;1.0;20;Flower Club;;;
29/05/2025;Tier 6;RS-000569;Autonomia;Inativo;Lays Cunha;1.0;;1.0;20;Flower Club;;;
29/05/2025;Tier 6;RS-000569;Autonomia;Inativo;Lays Cunha;4.0;;4.0;20;Flower Club;;;
29/05/2025;Tier 6;RS-000569;Autonomia;Inativo;Lays Cunha;4.0;;4.0;20;Flower Club;;;
29/05/2025;Tier 6;RS-000569;Autonomia;Inativo;Lays Cunha;2.0;;2.0;20;Flower Club;;;
29/05/2025;Tier 6;RS-000569;Autonomia;Inativo;Lays Cunha;1.0;;1.0;20;Flower Club;;;
28/11/2025;Tier 8;RS-000850;Piloto;Inativo;José Bento;1.0;;1.0;30;FLYVILLE TRANSPORTES LTDA;;;
06/01/2025;Tier 7;RS-000319;Embarque;Churn;Lays Cunha;;;;10;Frigoweber S/A;;;
23/05/2025;Tier 4;RS-000558;Autonomia;Ativo;Leonardo Ansolin Landt;3.0;;3.0;110;G. KOCH & CIA LTDA;;;
23/05/2025;Tier 4;RS-000558;Autonomia;Ativo;Leonardo Ansolin Landt;6.0;;6.0;110;G. KOCH & CIA LTDA;;;
23/05/2025;Tier 4;RS-000558;Autonomia;Ativo;Leonardo Ansolin Landt;2.0;;2.0;110;G. KOCH & CIA LTDA;;;
23/05/2025;Tier 4;RS-000558;Autonomia;Ativo;Leonardo Ansolin Landt;7.0;;7.0;110;G. KOCH & CIA LTDA;;;
12/02/2026;Tier 7;RS-000977;Início;Inativo;José Bento;;;;45;Gaft Soluções em Logistica Ltda;;;
18/12/2024;Tier 8;RS-000298;Embarque;Churn;Lays Cunha;;;;5;GBBS LOG LTDA;;;
12/03/2025;Tier 7;RS-000424;Piloto;Churn;Lays Cunha;;;;10;Geofix Engenharia;;;
17/02/2026;Tier 8;RS-000985;Piloto;Ativo;Leonardo Ansolin Landt;;;;30;GEOFRETE;;;
27/05/2025;Tier 6;RS-000565;Rota Guiada;Inativo;Lays Cunha;2.0;;2.0;20;GIGANTE EQUIPAMENTOS E TRANSPORTES LTDA;;;
27/05/2025;Tier 6;RS-000565;Rota Guiada;Inativo;Lays Cunha;3.0;;3.0;20;GIGANTE EQUIPAMENTOS E TRANSPORTES LTDA;;;
27/05/2025;Tier 6;RS-000565;Rota Guiada;Inativo;Lays Cunha;2.0;;2.0;20;GIGANTE EQUIPAMENTOS E TRANSPORTES LTDA;;;
10/12/2024;Tier 6;RS-000276;Piloto;Inativo;José Bento;;;;60;GIRO TRANSPORTES LTDA;;;
29/07/2025;Tier 7;RS-000654;Embarque;Inativo;José Bento;;;;45;Godi Transportes;;;
20/02/2026;Tier 2;RS-000995;Embarque;Inativo;José Bento;;;;130;Grupo Penta LTDA;;;
01/12/2025;Tier 6;RS-000859;Piloto;Inativo;Leonardo Ansolin Landt;10.0;;10.0;60;Grupo Recicla;;;
22/01/2026;Tier 7;RS-000942;Embarque;Inativo;Lays Cunha;;;;45;Helena Transportes Ltda;;;
19/11/2025;Tier 4;RS-000833;Embarque;Inativo;Leonardo Ansolin Landt;;;;110;HORIZONTE J. R. LOGISTICA E TRANSPORTES LTDA;;;
20/02/2025;Tier 5;RS-000397;Autonomia;Inativo;José Bento;12.0;;12.0;100;i9 Transportes;;;
20/02/2025;Tier 5;RS-000397;Autonomia;Inativo;José Bento;7.0;;7.0;100;i9 Transportes;;;
20/02/2025;Tier 5;RS-000397;Autonomia;Inativo;José Bento;6.0;;6.0;100;i9 Transportes;;;
20/02/2025;Tier 5;RS-000397;Autonomia;Inativo;José Bento;16.0;;16.0;100;i9 Transportes;;;
20/02/2025;Tier 5;RS-000397;Autonomia;Inativo;José Bento;11.0;;11.0;100;i9 Transportes;;;
29/10/2024;Tier 7;RS-000179;Piloto;Churn;Leonardo Ansolin Landt;9.0;;9.0;45;Intercity Transporte e Logistica;;;
24/10/2025;Tier 6;RS-000788;Piloto;Inativo;Leonardo Ansolin Landt;14.0;;14.0;60;Irmãos Franco Transportes e Logística Ltda;;;
13/01/2026;Tier 7;RS-000925;Piloto;Ativo;Leonardo Ansolin Landt;;1.0;1.0;45;Irmãos Loureiro;;;
13/01/2026;Tier 7;RS-000925;Piloto;Ativo;Leonardo Ansolin Landt;;;1.0;45;Irmãos Loureiro;;;
14/05/2025;Tier 5;RS-000539;Autonomia;Inativo;Leonardo Ansolin Landt;11.0;;11.0;100;Itaobi Transportes Ltda;;;
14/05/2025;Tier 5;RS-000539;Autonomia;Inativo;Leonardo Ansolin Landt;28.0;;28.0;100;Itaobi Transportes Ltda;;;
14/05/2025;Tier 5;RS-000539;Autonomia;Inativo;Leonardo Ansolin Landt;16.0;;16.0;100;Itaobi Transportes Ltda;;;
14/05/2025;Tier 5;RS-000539;Autonomia;Inativo;Leonardo Ansolin Landt;22.0;;22.0;100;Itaobi Transportes Ltda;;;
14/05/2025;Tier 5;RS-000539;Autonomia;Inativo;Leonardo Ansolin Landt;17.0;;17.0;100;Itaobi Transportes Ltda;;;
21/10/2025;Tier 8;RS-000783;Piloto;Inativo;José Bento;1.0;;1.0;30;J&S Transportes ABC ltda;;;
20/08/2025;Tier 7;RS-000683;Rota Guiada;Ativo;Leonardo Ansolin Landt;1.0;;1.0;45;JMA TRANSPORTES LTDA;;;
20/08/2025;Tier 7;RS-000683;Rota Guiada;Ativo;Leonardo Ansolin Landt;2.0;;2.0;45;JMA TRANSPORTES LTDA;;;
20/08/2025;Tier 7;RS-000683;Rota Guiada;Ativo;Leonardo Ansolin Landt;2.0;;2.0;45;JMA TRANSPORTES LTDA;;;
21/01/2026;Tier 6;RS-000941;Piloto;Ativo;Lays Cunha;3.0;;3.0;60;JTC Distribuidora Ltda;;;
05/08/2025;Tier 5;RS-000663;Embarque;Inativo;José Bento;;;;100;KAIROS LOG TRANSPORTES LTDA;;;
16/12/2024;Tier 8;RS-000292;Rota Guiada;Churn;Leonardo Ansolin Landt;3.0;;3.0;30;kings Transportes;;;
16/12/2024;Tier 8;RS-000292;Rota Guiada;Churn;Leonardo Ansolin Landt;2.0;;2.0;30;kings Transportes;;;
16/12/2024;Tier 8;RS-000292;Rota Guiada;Churn;Leonardo Ansolin Landt;1.0;;1.0;30;kings Transportes;;;
16/12/2024;Tier 8;RS-000292;Rota Guiada;Churn;Leonardo Ansolin Landt;3.0;;3.0;30;kings Transportes;;;
14/10/2024;Tier 6;RS-000093;Piloto;Churn;José Bento;4.0;;4.0;60;K-THA TRANSPORTES;;;
24/10/2024;Tier 3;RS-000109;Piloto;Churn;Leonardo Ansolin Landt;7.0;;7.0;120;LARIFO TRANSPORTES LTDA;;;
30/04/2025;Tier 7;RS-000511;Início;Churn;José Bento;;;;45;LASSALLI E RAMOS TRANSPORTES LTDA;;;
19/02/2026;Tier 4;RS-000993;Autonomia;Ativo;Lays Cunha;6.0;;6.0;110;LATICINIO BELO VALE LTDA;;;
19/02/2026;Tier 4;RS-000993;Autonomia;Ativo;Lays Cunha;1.0;;1.0;110;LATICINIO BELO VALE LTDA;;;
19/02/2026;Tier 4;RS-000993;Autonomia;Ativo;Lays Cunha;2.0;;2.0;110;LATICINIO BELO VALE LTDA;;;
19/02/2026;Tier 4;RS-000993;Autonomia;Ativo;Lays Cunha;1.0;;1.0;110;LATICINIO BELO VALE LTDA;;;
19/02/2026;Tier 4;RS-000993;Autonomia;Ativo;Lays Cunha;4.0;;4.0;110;LATICINIO BELO VALE LTDA;;;
19/02/2026;Tier 4;RS-000993;Autonomia;Ativo;Lays Cunha;;3.0;3.0;110;LATICINIO BELO VALE LTDA;;;
19/02/2026;Tier 4;RS-000993;Autonomia;Ativo;Lays Cunha;;1.0;1.0;110;LATICINIO BELO VALE LTDA;;;
11/02/2026;Tier 5;RS-000975;Início;Ativo;Leonardo Ansolin Landt;1.0;;1.0;100;Laticinios Sao Joao S/A;;;
24/09/2024;Tier 3;RS-000030;Embarque;Churn;Leonardo Ansolin Landt;;;;120;LEITE EXPRESS TRANSPORTES LTDA;;;
11/11/2025;Tier 5;RS-000822;Embarque;Recorrente;José Bento;13.0;;13.0;100;Leofran Transportes LTDA;;;
11/11/2025;Tier 5;RS-000822;Embarque;Recorrente;José Bento;18.0;;18.0;100;Leofran Transportes LTDA;;;
11/11/2025;Tier 5;RS-000822;Embarque;Recorrente;José Bento;1.0;;1.0;100;Leofran Transportes LTDA;;;
11/11/2025;Tier 5;RS-000822;Embarque;Recorrente;José Bento;10.0;;10.0;100;Leofran Transportes LTDA;;;
11/11/2025;Tier 5;RS-000822;Embarque;Recorrente;José Bento;1.0;;1.0;100;Leofran Transportes LTDA;;;
11/11/2025;Tier 5;RS-000822;Embarque;Recorrente;José Bento;3.0;;3.0;100;Leofran Transportes LTDA;;;
11/11/2025;Tier 5;RS-000822;Embarque;Recorrente;José Bento;4.0;;4.0;100;Leofran Transportes LTDA;;;
07/10/2025;Tier 8;RS-000764;Embarque;Inativo;Leonardo Ansolin Landt;;;;30;LF transporte;;;
06/02/2026;Tier 6;RS-000966;Autonomia;Ativo;Lays Cunha;1.0;;1.0;60;LMX LOGISTICA;;;
06/02/2026;Tier 6;RS-000966;Autonomia;Ativo;Lays Cunha;2.0;;2.0;60;LMX LOGISTICA;;;
06/02/2026;Tier 6;RS-000966;Autonomia;Ativo;Lays Cunha;1.0;;1.0;60;LMX LOGISTICA;;;
06/02/2026;Tier 6;RS-000966;Autonomia;Ativo;Lays Cunha;1.0;;1.0;60;LMX LOGISTICA;;;
06/02/2026;Tier 6;RS-000966;Autonomia;Ativo;Lays Cunha;1.0;;1.0;60;LMX LOGISTICA;;;
06/02/2026;Tier 6;RS-000966;Autonomia;Ativo;Lays Cunha;1.0;;1.0;60;LMX LOGISTICA;;;
06/02/2026;Tier 6;RS-000966;Autonomia;Ativo;Lays Cunha;1.0;;1.0;60;LMX LOGISTICA;;;
06/02/2026;Tier 6;RS-000966;Autonomia;Ativo;Lays Cunha;1.0;;1.0;60;LMX LOGISTICA;;;
06/02/2026;Tier 6;RS-000966;Autonomia;Ativo;Lays Cunha;1.0;;1.0;60;LMX LOGISTICA;;;
06/02/2026;Tier 6;RS-000966;Autonomia;Ativo;Lays Cunha;1.0;;1.0;60;LMX LOGISTICA;;;
06/02/2026;Tier 6;RS-000966;Autonomia;Ativo;Lays Cunha;1.0;;1.0;60;LMX LOGISTICA;;;
24/02/2025;Tier 7;RS-000403;Início;Churn;José Bento;;;;45;LOGISTICA NACIONAL;;;
28/11/2025;Tier 7;RS-000852;Autonomia;Ativo;José Bento;12.0;;12.0;45;Logma Transportes;;;
28/11/2025;Tier 7;RS-000852;Autonomia;Ativo;José Bento;12.0;;12.0;45;Logma Transportes;;;
28/11/2025;Tier 7;RS-000852;Autonomia;Ativo;José Bento;4.0;;4.0;45;Logma Transportes;;;
28/11/2025;Tier 7;RS-000852;Autonomia;Ativo;José Bento;4.0;;4.0;45;Logma Transportes;;;
28/11/2025;Tier 7;RS-000852;Autonomia;Ativo;José Bento;3.0;;3.0;45;Logma Transportes;;;
31/07/2025;Tier 7;RS-000659;Piloto;Ativo;Leonardo Ansolin Landt;8.0;;8.0;45;Logquim Transporte;;;
15/04/2025;Tier 6;RS-000493;Embarque;Churn;José Bento;;;;60;LORENVEL TRANSPORTES LTDA;;;
28/05/2025;Tier 7;RS-000566;Embarque;Inativo;José Bento;;;;45;Lvz Transportes e Logistica LTDA;;;
08/08/2025;Tier 7;RS-000666;Autonomia;Ativo;Lays Cunha;4.0;;4.0;10;Macal Comércio de Ferragens;;;
08/08/2025;Tier 7;RS-000666;Autonomia;Ativo;Lays Cunha;3.0;;3.0;10;Macal Comércio de Ferragens;;;
08/08/2025;Tier 7;RS-000666;Autonomia;Ativo;Lays Cunha;1.0;;1.0;10;Macal Comércio de Ferragens;;;
08/08/2025;Tier 7;RS-000666;Autonomia;Ativo;Lays Cunha;1.0;;1.0;10;Macal Comércio de Ferragens;;;
08/08/2025;Tier 7;RS-000666;Autonomia;Ativo;Lays Cunha;1.0;;1.0;10;Macal Comércio de Ferragens;;;
09/02/2026;Tier 8;RS-000970;Rota Guiada;Ativo;José Bento;2.0;;2.0;30;Macheto;;;
09/02/2026;Tier 8;RS-000970;Rota Guiada;Ativo;José Bento;3.0;;3.0;30;Macheto;;;
14/01/2025;Tier 7;RS-000332;Rota Guiada;Churn;José Bento;3.0;;3.0;45;Maclaren Transportes ltda;;;
14/01/2025;Tier 7;RS-000332;Rota Guiada;Churn;José Bento;3.0;;3.0;45;Maclaren Transportes ltda;;;
03/03/2026;Tier 6;RS-001012;Piloto;Ativo;José Bento;;;;60;Magnum Tires;;;
11/02/2025;Tier 6;RS-000372;Rota Guiada;Inativo;Lays Cunha;1.0;;1.0;20;MAJUBA BABY;;;
11/02/2025;Tier 6;RS-000372;Rota Guiada;Inativo;Lays Cunha;1.0;;1.0;20;MAJUBA BABY;;;
03/06/2025;Tier 6;RS-000579;Rota Guiada;Inativo;Lays Cunha;4.0;;4.0;20;Makro Engenharia LTDA;;;
03/06/2025;Tier 6;RS-000579;Rota Guiada;Inativo;Lays Cunha;3.0;;3.0;20;Makro Engenharia LTDA;;;
10/10/2025;Tier 4;RS-000769;Piloto;Inativo;José Bento;8.0;;8.0;110;Maranata Logística;;;
29/12/2025;Tier 6;RS-000911;Embarque;Inativo;José Bento;;;;60;Mausa e maia transportes ltda;;;
03/12/2025;Tier 5;RS-000863;Rota Guiada;Ativo;José Bento;20.0;;20.0;100;MCK TRANSPORTADORA E COMERCIO LTDA;;;
03/12/2025;Tier 5;RS-000863;Rota Guiada;Ativo;José Bento;5.0;;5.0;100;MCK TRANSPORTADORA E COMERCIO LTDA;;;
22/08/2025;Tier 7;RS-000693;Piloto;Inativo;Leonardo Ansolin Landt;2.0;;2.0;45;MOBLYZE;;;
10/09/2025;Tier 3;RS-000725;Início;Inativo;Leonardo Ansolin Landt;;;;120;Monfredini Transportes;;;
30/07/2025;Tier 6;RS-000656;Embarque;Inativo;José Bento;;;;60;Montanaro Transportes;;;
12/02/2026;Tier 5;RS-000978;Embarque;Inativo;Leonardo Ansolin Landt;;;;100;Montanha Transportes;;;
18/02/2025;Tier 7;RS-000393;Rota Guiada;Inativo;José Bento;1.0;;1.0;45;MP Transporte Rodoviário de Carga LTDA;;;
18/02/2025;Tier 7;RS-000393;Rota Guiada;Inativo;José Bento;1.0;;1.0;45;MP Transporte Rodoviário de Carga LTDA;;;
18/02/2025;Tier 7;RS-000393;Rota Guiada;Inativo;José Bento;1.0;;1.0;45;MP Transporte Rodoviário de Carga LTDA;;;
18/02/2025;Tier 7;RS-000393;Rota Guiada;Inativo;José Bento;1.0;;1.0;45;MP Transporte Rodoviário de Carga LTDA;;;
26/08/2025;Tier 7;RS-000700;Rota Guiada;Ativo;Lays Cunha;1.0;;1.0;10;Nacional Hortifruti Produção e Comercio LTDA;;;
26/08/2025;Tier 7;RS-000700;Rota Guiada;Ativo;Lays Cunha;1.0;;1.0;10;Nacional Hortifruti Produção e Comercio LTDA;;;
27/09/2024;Tier 6;RS-000062;Piloto;Churn;José Bento;;;;60;NASA TRANSPORTES;;;
19/12/2025;Tier 7;RS-000902;Embarque;Inativo;Leonardo Ansolin Landt;;;;45;NFC SOLUÇÕES LOGISTICAS LTDA;;;
02/01/2026;Tier 8;RS-000913;Autonomia;Ativo;Lays Cunha;3.0;;3.0;30;Nitroelo Práticas e Soluções para Criogênia;;;
02/01/2026;Tier 8;RS-000913;Autonomia;Ativo;Lays Cunha;3.0;;3.0;30;Nitroelo Práticas e Soluções para Criogênia;;;
02/01/2026;Tier 8;RS-000913;Autonomia;Ativo;Lays Cunha;2.0;;2.0;30;Nitroelo Práticas e Soluções para Criogênia;;;
02/01/2026;Tier 8;RS-000913;Autonomia;Ativo;Lays Cunha;5.0;;5.0;30;Nitroelo Práticas e Soluções para Criogênia;;;
02/01/2026;Tier 8;RS-000913;Autonomia;Ativo;Lays Cunha;3.0;;3.0;30;Nitroelo Práticas e Soluções para Criogênia;;;
02/01/2026;Tier 8;RS-000913;Autonomia;Ativo;Lays Cunha;2.0;;2.0;30;Nitroelo Práticas e Soluções para Criogênia;;;
02/01/2026;Tier 8;RS-000913;Autonomia;Ativo;Lays Cunha;2.0;;2.0;30;Nitroelo Práticas e Soluções para Criogênia;;;
12/09/2025;Tier 6;RS-000727;Autonomia;Ativo;Lays Cunha;12.0;;12.0;20;Nova Aliança Distribuidora Ltda;;;
12/09/2025;Tier 6;RS-000727;Autonomia;Ativo;Lays Cunha;5.0;;5.0;20;Nova Aliança Distribuidora Ltda;;;
12/09/2025;Tier 6;RS-000727;Autonomia;Ativo;Lays Cunha;1.0;;1.0;20;Nova Aliança Distribuidora Ltda;;;
12/09/2025;Tier 6;RS-000727;Autonomia;Ativo;Lays Cunha;3.0;;3.0;20;Nova Aliança Distribuidora Ltda;;;
12/09/2025;Tier 6;RS-000727;Autonomia;Ativo;Lays Cunha;5.0;;5.0;20;Nova Aliança Distribuidora Ltda;;;
12/09/2025;Tier 6;RS-000727;Autonomia;Ativo;Lays Cunha;2.0;;2.0;20;Nova Aliança Distribuidora Ltda;;;
12/09/2025;Tier 6;RS-000727;Autonomia;Ativo;Lays Cunha;2.0;;2.0;20;Nova Aliança Distribuidora Ltda;;;
09/12/2024;Tier 5;RS-000272;Piloto;Churn;Leonardo Ansolin Landt;9.0;;9.0;100;Operação Transportes Ltda;;;
15/08/2025;Tier 6;RS-000680;Embarque;Inativo;José Bento;1.0;;1.0;60;PACHECO & PACHECO TRANSPORTES LTDA;;;
15/08/2025;Tier 6;RS-000680;Embarque;Inativo;José Bento;3.0;;3.0;60;PACHECO & PACHECO TRANSPORTES LTDA;;;
02/10/2024;Tier 5;RS-000072;Autonomia;Inativo;Lays Cunha;2.0;;2.0;30;Pedreira Bangu LTDA;;;
02/10/2024;Tier 5;RS-000072;Autonomia;Inativo;Lays Cunha;2.0;;2.0;30;Pedreira Bangu LTDA;;;
02/10/2024;Tier 5;RS-000072;Autonomia;Inativo;Lays Cunha;2.0;;2.0;30;Pedreira Bangu LTDA;;;
02/10/2024;Tier 5;RS-000072;Autonomia;Inativo;Lays Cunha;2.0;;2.0;30;Pedreira Bangu LTDA;;;
02/10/2024;Tier 5;RS-000072;Autonomia;Inativo;Lays Cunha;4.0;;4.0;30;Pedreira Bangu LTDA;;;
02/10/2024;Tier 5;RS-000072;Autonomia;Inativo;Lays Cunha;4.0;;4.0;30;Pedreira Bangu LTDA;;;
02/10/2024;Tier 5;RS-000072;Autonomia;Inativo;Lays Cunha;1.0;;1.0;30;Pedreira Bangu LTDA;;;
02/10/2024;Tier 5;RS-000072;Autonomia;Inativo;Lays Cunha;1.0;;1.0;30;Pedreira Bangu LTDA;;;
25/02/2025;Tier 7;RS-000404;Piloto;Churn;Lays Cunha;;;;10;Pedreira Imboassica;;;
14/03/2025;Tier 8;RS-000433;Piloto;Churn;Lays Cunha;2.0;;2.0;5;Pedreira IPEPAM;;;
25/02/2025;Tier 7;RS-000405;Rota Guiada;Churn;Lays Cunha;1.0;;1.0;10;Pedreira Outeiro;;;
25/02/2025;Tier 7;RS-000405;Rota Guiada;Churn;Lays Cunha;2.0;;2.0;10;Pedreira Outeiro;;;
27/02/2025;Tier 8;RS-000408;Embarque;Churn;Lays Cunha;;;;5;Pethrus Transporte de Água Potavel;;;
09/10/2024;Tier 6;RS-000086;Piloto;Churn;Leonardo Ansolin Landt;8.0;;8.0;60;Pety Transportes Ltda;;;
23/02/2026;Tier 8;RS-000996;Rota Guiada;Ativo;José Bento;;1.0;1.0;30;Pikolin Colchões do Brasil;;;
23/02/2026;Tier 8;RS-000996;Rota Guiada;Ativo;José Bento;1.0;;1.0;30;Pikolin Colchões do Brasil;;;
23/02/2026;Tier 8;RS-000996;Rota Guiada;Ativo;José Bento;;1.0;1.0;30;Pikolin Colchões do Brasil;;;
30/10/2024;Tier 7;RS-000186;Rota Guiada;Churn;José Bento;4.0;;4.0;45;Popov Transportes LTDA;;;
30/10/2024;Tier 7;RS-000186;Rota Guiada;Churn;José Bento;4.0;;4.0;45;Popov Transportes LTDA;;;
30/10/2024;Tier 7;RS-000186;Rota Guiada;Churn;José Bento;1.0;;1.0;45;Popov Transportes LTDA;;;
05/03/2026;Tier 6;RS-001018;Piloto;Ativo;Lays Cunha;;6.0;6.0;60;POSTO MONTE CARLO GUARAREMA LTDA;;;
20/01/2026;Tier 5;RS-000938;Embarque;Ativo;José Bento;;1.0;1.0;100;POTENCIAL FLORESTAL COMERCIO E TRANSPORTE DE MADEIRA LTDA;;;
20/01/2026;Tier 5;RS-000938;Embarque;Ativo;José Bento;1.0;;1.0;100;POTENCIAL FLORESTAL COMERCIO E TRANSPORTE DE MADEIRA LTDA;;;
20/01/2026;Tier 5;RS-000938;Embarque;Ativo;José Bento;1.0;;1.0;100;POTENCIAL FLORESTAL COMERCIO E TRANSPORTE DE MADEIRA LTDA;;;
10/03/2026;Tier 8;RS-001021;Início;;Sabrina Bille Axt;;;1.0;30;QUALITYS TRANSP E SERVIÇOS LOGISTICOS;;;
17/06/2025;Tier 5;RS-000591;Piloto;Inativo;José Bento;10.0;;10.0;100;Rapidão Bahia;;;
18/02/2026;Tier 8;RS-000988;Rota Guiada;Ativo;José Bento;1.0;;1.0;30;RC ARMAZEM E LOGISTICA LTDA;;;
18/02/2026;Tier 8;RS-000988;Rota Guiada;Ativo;José Bento;1.0;;1.0;30;RC ARMAZEM E LOGISTICA LTDA;;;
18/02/2026;Tier 8;RS-000988;Rota Guiada;Ativo;José Bento;1.0;;1.0;30;RC ARMAZEM E LOGISTICA LTDA;;;
18/02/2026;Tier 8;RS-000988;Rota Guiada;Ativo;José Bento;1.0;;1.0;30;RC ARMAZEM E LOGISTICA LTDA;;;
25/04/2025;Tier 8;RS-000506;Rota Guiada;Inativo;Leonardo Ansolin Landt;1.0;;1.0;30;RCD EXPRESS;;;
25/04/2025;Tier 8;RS-000506;Rota Guiada;Inativo;Leonardo Ansolin Landt;1.0;;1.0;30;RCD EXPRESS;;;
25/04/2025;Tier 8;RS-000506;Rota Guiada;Inativo;Leonardo Ansolin Landt;1.0;;1.0;30;RCD EXPRESS;;;
25/04/2025;Tier 8;RS-000506;Rota Guiada;Inativo;Leonardo Ansolin Landt;1.0;;1.0;30;RCD EXPRESS;;;
25/04/2025;Tier 8;RS-000506;Rota Guiada;Inativo;Leonardo Ansolin Landt;1.0;;1.0;30;RCD EXPRESS;;;
15/09/2025;Tier 7;RS-000729;Rota Guiada;Inativo;José Bento;5.0;;5.0;45;Realmed Logística;;;
15/09/2025;Tier 7;RS-000729;Rota Guiada;Inativo;José Bento;5.0;;5.0;45;Realmed Logística;;;
15/09/2025;Tier 7;RS-000729;Rota Guiada;Inativo;José Bento;4.0;;4.0;45;Realmed Logística;;;
23/06/2025;Tier 1;RS-000598;Rota Guiada;Inativo;José Bento;1.0;;1.0;150;Reiter Log;;;
23/06/2025;Tier 1;RS-000598;Rota Guiada;Inativo;José Bento;2.0;;2.0;150;Reiter Log;;;
23/06/2025;Tier 1;RS-000598;Rota Guiada;Inativo;José Bento;3.0;;3.0;150;Reiter Log;;;
23/06/2025;Tier 1;RS-000598;Rota Guiada;Inativo;José Bento;3.0;;3.0;150;Reiter Log;;;
25/07/2025;Tier 6;RS-000647;Piloto;Inativo;José Bento;9.0;;9.0;60;Renovare transportes ltda;;;
02/04/2025;Tier 8;RS-000470;Rota Guiada;Inativo;José Bento;1.0;;1.0;30;RFA TRANSPORTE E LOGÍSTICA;;;
02/04/2025;Tier 8;RS-000470;Rota Guiada;Inativo;José Bento;1.0;;1.0;30;RFA TRANSPORTE E LOGÍSTICA;;;
30/04/2025;Tier 6;RS-000516;Embarque;Churn;Lays Cunha;;;;20;RGS Engenharia S.A;;;
11/10/2024;Tier 7;RS-000091;Piloto;Churn;José Bento;5.0;;5.0;45;Riber Mac transportes e logística ltda;;;
25/09/2025;Tier 5;RS-000747;Embarque;Inativo;Lays Cunha;;;;30;Riobel - Lauro de Freitas / BA - MTZ;;;
27/01/2026;Tier 3;RS-000947;Autonomia;Recorrente;José Bento;2.0;;2.0;120;Risso Encomendas;;;
27/01/2026;Tier 3;RS-000947;Autonomia;Recorrente;José Bento;2.0;;2.0;120;Risso Encomendas;;;
27/01/2026;Tier 3;RS-000947;Autonomia;Recorrente;José Bento;4.0;;4.0;120;Risso Encomendas;;;
27/01/2026;Tier 3;RS-000947;Autonomia;Recorrente;José Bento;1.0;;1.0;120;Risso Encomendas;;;
27/01/2026;Tier 3;RS-000947;Autonomia;Recorrente;José Bento;1.0;;1.0;120;Risso Encomendas;;;
27/01/2026;Tier 3;RS-000947;Autonomia;Recorrente;José Bento;1.0;;1.0;120;Risso Encomendas;;;
27/01/2026;Tier 3;RS-000947;Autonomia;Recorrente;José Bento;;1.0;1.0;120;Risso Encomendas;;;
27/01/2026;Tier 3;RS-000947;Autonomia;Recorrente;José Bento;1.0;;1.0;120;Risso Encomendas;;;
27/01/2026;Tier 3;RS-000947;Autonomia;Recorrente;José Bento;1.0;;1.0;120;Risso Encomendas;;;
27/01/2026;Tier 3;RS-000947;Autonomia;Recorrente;José Bento;1.0;;1.0;120;Risso Encomendas;;;
27/01/2026;Tier 3;RS-000947;Autonomia;Recorrente;José Bento;1.0;;1.0;120;Risso Encomendas;;;
27/01/2026;Tier 3;RS-000947;Autonomia;Recorrente;José Bento;1.0;;1.0;120;Risso Encomendas;;;
27/01/2026;Tier 3;RS-000947;Autonomia;Recorrente;José Bento;1.0;;1.0;120;Risso Encomendas;;;
27/01/2026;Tier 3;RS-000947;Autonomia;Recorrente;José Bento;1.0;;1.0;120;Risso Encomendas;;;
27/01/2026;Tier 3;RS-000947;Autonomia;Recorrente;José Bento;1.0;;1.0;120;Risso Encomendas;;;
27/01/2026;Tier 3;RS-000947;Autonomia;Recorrente;José Bento;1.0;;1.0;120;Risso Encomendas;;;
27/01/2026;Tier 3;RS-000947;Autonomia;Recorrente;José Bento;1.0;;1.0;120;Risso Encomendas;;;
27/01/2026;Tier 3;RS-000947;Autonomia;Recorrente;José Bento;1.0;;1.0;120;Risso Encomendas;;;
27/01/2026;Tier 3;RS-000947;Autonomia;Recorrente;José Bento;1.0;;1.0;120;Risso Encomendas;;;
27/01/2026;Tier 3;RS-000947;Autonomia;Recorrente;José Bento;1.0;;1.0;120;Risso Encomendas;;;
27/01/2026;Tier 3;RS-000947;Autonomia;Recorrente;José Bento;1.0;;1.0;120;Risso Encomendas;;;
27/01/2026;Tier 3;RS-000947;Autonomia;Recorrente;José Bento;2.0;;2.0;120;Risso Encomendas;;;
27/01/2026;Tier 3;RS-000947;Autonomia;Recorrente;José Bento;2.0;;2.0;120;Risso Encomendas;;;
27/01/2026;Tier 3;RS-000947;Autonomia;Recorrente;José Bento;1.0;;1.0;120;Risso Encomendas;;;
27/01/2026;Tier 3;RS-000947;Autonomia;Recorrente;José Bento;1.0;;1.0;120;Risso Encomendas;;;
27/01/2026;Tier 3;RS-000947;Autonomia;Recorrente;José Bento;2.0;;2.0;120;Risso Encomendas;;;
27/01/2026;Tier 3;RS-000947;Autonomia;Recorrente;José Bento;1.0;;1.0;120;Risso Encomendas;;;
27/01/2026;Tier 3;RS-000947;Autonomia;Recorrente;José Bento;1.0;;1.0;120;Risso Encomendas;;;
27/01/2026;Tier 3;RS-000947;Autonomia;Recorrente;José Bento;1.0;;1.0;120;Risso Encomendas;;;
27/01/2026;Tier 3;RS-000947;Autonomia;Recorrente;José Bento;1.0;;1.0;120;Risso Encomendas;;;
27/01/2026;Tier 3;RS-000947;Autonomia;Recorrente;José Bento;1.0;;1.0;120;Risso Encomendas;;;
27/01/2026;Tier 3;RS-000947;Autonomia;Recorrente;José Bento;3.0;;3.0;120;Risso Encomendas;;;
27/01/2026;Tier 3;RS-000947;Autonomia;Recorrente;José Bento;3.0;;3.0;120;Risso Encomendas;;;
27/01/2026;Tier 3;RS-000947;Autonomia;Recorrente;José Bento;1.0;;1.0;120;Risso Encomendas;;;
27/01/2026;Tier 3;RS-000947;Autonomia;Recorrente;José Bento;1.0;;1.0;120;Risso Encomendas;;;
27/01/2026;Tier 3;RS-000947;Autonomia;Recorrente;José Bento;1.0;;1.0;120;Risso Encomendas;;;
27/01/2026;Tier 3;RS-000947;Autonomia;Recorrente;José Bento;1.0;;1.0;120;Risso Encomendas;;;
27/01/2026;Tier 3;RS-000947;Autonomia;Recorrente;José Bento;1.0;;1.0;120;Risso Encomendas;;;
27/01/2026;Tier 3;RS-000947;Autonomia;Recorrente;José Bento;1.0;;1.0;120;Risso Encomendas;;;
27/01/2026;Tier 3;RS-000947;Autonomia;Recorrente;José Bento;1.0;;1.0;120;Risso Encomendas;;;
27/01/2026;Tier 3;RS-000947;Autonomia;Recorrente;José Bento;1.0;;1.0;120;Risso Encomendas;;;
27/01/2026;Tier 3;RS-000947;Autonomia;Recorrente;José Bento;1.0;;1.0;120;Risso Encomendas;;;
27/01/2026;Tier 3;RS-000947;Autonomia;Recorrente;José Bento;1.0;;1.0;120;Risso Encomendas;;;
27/01/2026;Tier 3;RS-000947;Autonomia;Recorrente;José Bento;1.0;;1.0;120;Risso Encomendas;;;
27/01/2026;Tier 3;RS-000947;Autonomia;Recorrente;José Bento;1.0;;1.0;120;Risso Encomendas;;;
27/01/2026;Tier 3;RS-000947;Autonomia;Recorrente;José Bento;1.0;;1.0;120;Risso Encomendas;;;
27/01/2026;Tier 3;RS-000947;Autonomia;Recorrente;José Bento;1.0;;1.0;120;Risso Encomendas;;;
27/01/2026;Tier 3;RS-000947;Autonomia;Recorrente;José Bento;1.0;;1.0;120;Risso Encomendas;;;
27/01/2026;Tier 3;RS-000947;Autonomia;Recorrente;José Bento;1.0;;1.0;120;Risso Encomendas;;;
27/01/2026;Tier 3;RS-000947;Autonomia;Recorrente;José Bento;1.0;;1.0;120;Risso Encomendas;;;
27/01/2026;Tier 3;RS-000947;Autonomia;Recorrente;José Bento;2.0;;2.0;120;Risso Encomendas;;;
27/01/2026;Tier 3;RS-000947;Autonomia;Recorrente;José Bento;2.0;;2.0;120;Risso Encomendas;;;
27/01/2026;Tier 3;RS-000947;Autonomia;Recorrente;José Bento;1.0;;1.0;120;Risso Encomendas;;;
27/01/2026;Tier 3;RS-000947;Autonomia;Recorrente;José Bento;1.0;;1.0;120;Risso Encomendas;;;
27/01/2026;Tier 3;RS-000947;Autonomia;Recorrente;José Bento;1.0;;1.0;120;Risso Encomendas;;;
27/01/2026;Tier 3;RS-000947;Autonomia;Recorrente;José Bento;1.0;;1.0;120;Risso Encomendas;;;
27/01/2026;Tier 3;RS-000947;Autonomia;Recorrente;José Bento;1.0;;1.0;120;Risso Encomendas;;;
27/01/2026;Tier 3;RS-000947;Autonomia;Recorrente;José Bento;1.0;;1.0;120;Risso Encomendas;;;
27/01/2026;Tier 3;RS-000947;Autonomia;Recorrente;José Bento;1.0;;1.0;120;Risso Encomendas;;;
27/01/2026;Tier 3;RS-000947;Autonomia;Recorrente;José Bento;1.0;;1.0;120;Risso Encomendas;;;
27/01/2026;Tier 3;RS-000947;Autonomia;Recorrente;José Bento;1.0;;1.0;120;Risso Encomendas;;;
27/01/2026;Tier 3;RS-000947;Autonomia;Recorrente;José Bento;1.0;;1.0;120;Risso Encomendas;;;
27/01/2026;Tier 3;RS-000947;Autonomia;Recorrente;José Bento;1.0;;1.0;120;Risso Encomendas;;;
27/01/2026;Tier 3;RS-000947;Autonomia;Recorrente;José Bento;1.0;;1.0;120;Risso Encomendas;;;
27/01/2026;Tier 3;RS-000947;Autonomia;Recorrente;José Bento;1.0;;1.0;120;Risso Encomendas;;;
27/01/2026;Tier 3;RS-000947;Autonomia;Recorrente;José Bento;1.0;;1.0;120;Risso Encomendas;;;
27/01/2026;Tier 3;RS-000947;Autonomia;Recorrente;José Bento;1.0;;1.0;120;Risso Encomendas;;;
27/01/2026;Tier 3;RS-000947;Autonomia;Recorrente;José Bento;1.0;;1.0;120;Risso Encomendas;;;
27/01/2026;Tier 3;RS-000947;Autonomia;Recorrente;José Bento;1.0;;1.0;120;Risso Encomendas;;;
27/01/2026;Tier 3;RS-000947;Autonomia;Recorrente;José Bento;1.0;;1.0;120;Risso Encomendas;;;
27/01/2026;Tier 3;RS-000947;Autonomia;Recorrente;José Bento;1.0;;1.0;120;Risso Encomendas;;;
27/01/2026;Tier 3;RS-000947;Autonomia;Recorrente;José Bento;1.0;;1.0;120;Risso Encomendas;;;
27/01/2026;Tier 3;RS-000947;Autonomia;Recorrente;José Bento;1.0;;1.0;120;Risso Encomendas;;;
27/01/2026;Tier 3;RS-000947;Autonomia;Recorrente;José Bento;2.0;;2.0;120;Risso Encomendas;;;
27/01/2026;Tier 3;RS-000947;Autonomia;Recorrente;José Bento;1.0;;1.0;120;Risso Encomendas;;;
27/01/2026;Tier 3;RS-000947;Autonomia;Recorrente;José Bento;2.0;;2.0;120;Risso Encomendas;;;
27/01/2026;Tier 3;RS-000947;Autonomia;Recorrente;José Bento;2.0;;2.0;120;Risso Encomendas;;;
27/01/2026;Tier 3;RS-000947;Autonomia;Recorrente;José Bento;2.0;;2.0;120;Risso Encomendas;;;
27/01/2026;Tier 3;RS-000947;Autonomia;Recorrente;José Bento;;1.0;1.0;120;Risso Encomendas;;;
27/01/2026;Tier 3;RS-000947;Autonomia;Recorrente;José Bento;;1.0;1.0;120;Risso Encomendas;;;
27/01/2026;Tier 3;RS-000947;Autonomia;Recorrente;José Bento;;1.0;1.0;120;Risso Encomendas;;;
27/01/2026;Tier 3;RS-000947;Autonomia;Recorrente;José Bento;;1.0;1.0;120;Risso Encomendas;;;
27/01/2026;Tier 3;RS-000947;Autonomia;Recorrente;José Bento;;1.0;1.0;120;Risso Encomendas;;;
27/01/2026;Tier 3;RS-000947;Autonomia;Recorrente;José Bento;;1.0;1.0;120;Risso Encomendas;;;
27/01/2026;Tier 3;RS-000947;Autonomia;Recorrente;José Bento;;1.0;1.0;120;Risso Encomendas;;;
27/01/2026;Tier 3;RS-000947;Autonomia;Recorrente;José Bento;;1.0;1.0;120;Risso Encomendas;;;
27/01/2026;Tier 3;RS-000947;Autonomia;Recorrente;José Bento;;;1.0;120;Risso Encomendas;;;
27/01/2026;Tier 3;RS-000947;Autonomia;Recorrente;José Bento;;1.0;1.0;120;Risso Encomendas;;;
27/01/2026;Tier 3;RS-000947;Autonomia;Recorrente;José Bento;;1.0;1.0;120;Risso Encomendas;;;
27/01/2026;Tier 3;RS-000947;Autonomia;Recorrente;José Bento;;;1.0;120;Risso Encomendas;;;
27/01/2026;Tier 3;RS-000947;Autonomia;Recorrente;José Bento;;;1.0;120;Risso Encomendas;;;
27/01/2026;Tier 3;RS-000947;Autonomia;Recorrente;José Bento;;;1.0;120;Risso Encomendas;;;
27/01/2026;Tier 3;RS-000947;Autonomia;Recorrente;José Bento;;;1.0;120;Risso Encomendas;;;
27/01/2026;Tier 3;RS-000947;Autonomia;Recorrente;José Bento;;;1.0;120;Risso Encomendas;;;
13/10/2025;Tier 3;RS-000770;Rota Guiada;Ativo;Leonardo Ansolin Landt;1.0;;1.0;120;RN Logística;;;
13/10/2025;Tier 3;RS-000770;Rota Guiada;Ativo;Leonardo Ansolin Landt;1.0;;1.0;120;RN Logística;;;
13/10/2025;Tier 3;RS-000770;Rota Guiada;Ativo;Leonardo Ansolin Landt;1.0;;1.0;120;RN Logística;;;
13/10/2025;Tier 3;RS-000770;Rota Guiada;Ativo;Leonardo Ansolin Landt;6.0;;6.0;120;RN Logística;;;
13/10/2025;Tier 3;RS-000770;Rota Guiada;Ativo;Leonardo Ansolin Landt;1.0;;1.0;120;RN Logística;;;
29/01/2026;Tier 3;RS-000953;Autonomia;Ativo;José Bento;22.0;;22.0;120;Rodojunior;;;
29/01/2026;Tier 3;RS-000953;Autonomia;Ativo;José Bento;8.0;;8.0;120;Rodojunior;;;
29/01/2026;Tier 3;RS-000953;Autonomia;Ativo;José Bento;12.0;;12.0;120;Rodojunior;;;
29/01/2026;Tier 3;RS-000953;Autonomia;Ativo;José Bento;11.0;;11.0;120;Rodojunior;;;
29/01/2026;Tier 3;RS-000953;Autonomia;Ativo;José Bento;6.0;;6.0;120;Rodojunior;;;
29/01/2026;Tier 3;RS-000953;Autonomia;Ativo;José Bento;4.0;;4.0;120;Rodojunior;;;
29/01/2026;Tier 3;RS-000953;Autonomia;Ativo;José Bento;13.0;;13.0;120;Rodojunior;;;
29/01/2026;Tier 3;RS-000953;Autonomia;Ativo;José Bento;2.0;;2.0;120;Rodojunior;;;
29/01/2026;Tier 3;RS-000953;Autonomia;Ativo;José Bento;10.0;;10.0;120;Rodojunior;;;
29/11/2024;Tier 7;RS-000253;Embarque;Churn;José Bento;;;;45;RODOMAM TRANSPORTES LTDA;;;
19/12/2025;Tier 8;RS-000904;Início;Inativo;Leonardo Ansolin Landt;;;;30;RODOPRIME TRANSPORTE E LOGISTICA LTDA;;;
21/01/2025;Tier 8;RS-000344;Rota Guiada;Ativo;Leonardo Ansolin Landt;1.0;;1.0;30;RODOVALE TRANSPORTES E MUDANÇAS;;;
21/01/2025;Tier 8;RS-000344;Rota Guiada;Ativo;Leonardo Ansolin Landt;1.0;;1.0;30;RODOVALE TRANSPORTES E MUDANÇAS;;;
21/01/2025;Tier 8;RS-000344;Rota Guiada;Ativo;Leonardo Ansolin Landt;;;1.0;30;RODOVALE TRANSPORTES E MUDANÇAS;;;
24/10/2025;Tier 5;RS-000787;Rota Guiada;Ativo;José Bento;10.0;;10.0;100;ROTA 381 TRANSPORTES;;;
24/10/2025;Tier 5;RS-000787;Rota Guiada;Ativo;José Bento;7.0;;7.0;100;ROTA 381 TRANSPORTES;;;
24/10/2025;Tier 5;RS-000787;Rota Guiada;Ativo;José Bento;;7.0;7.0;100;ROTA 381 TRANSPORTES;;;
19/12/2024;Tier 7;RS-000301;Rota Guiada;Churn;José Bento;11.0;;11.0;45;Rota Brasil Transportes e Logistica Ltda;;;
19/12/2024;Tier 7;RS-000301;Rota Guiada;Churn;José Bento;3.0;;3.0;45;Rota Brasil Transportes e Logistica Ltda;;;
28/11/2025;Tier 6;RS-000856;Embarque;Inativo;José Bento;;;;60;RR TRANSPORTE E LOGISTICA LTDA;;;
30/05/2025;Tier 3;RS-000573;Autonomia;Ativo;José Bento;5.0;;5.0;120;RV IMOLA TRANSPORTES E LOGISTICA LTDA;;;
30/05/2025;Tier 3;RS-000573;Autonomia;Ativo;José Bento;5.0;;5.0;120;RV IMOLA TRANSPORTES E LOGISTICA LTDA;;;
30/05/2025;Tier 3;RS-000573;Autonomia;Ativo;José Bento;12.0;;12.0;120;RV IMOLA TRANSPORTES E LOGISTICA LTDA;;;
30/05/2025;Tier 3;RS-000573;Autonomia;Ativo;José Bento;5.0;;5.0;120;RV IMOLA TRANSPORTES E LOGISTICA LTDA;;;
30/05/2025;Tier 3;RS-000573;Autonomia;Ativo;José Bento;5.0;;5.0;120;RV IMOLA TRANSPORTES E LOGISTICA LTDA;;;
30/05/2025;Tier 3;RS-000573;Autonomia;Ativo;José Bento;1.0;;1.0;120;RV IMOLA TRANSPORTES E LOGISTICA LTDA;;;
19/11/2024;Tier 7;RS-000224;Autonomia;Inativo;José Bento;22.0;;22.0;45;Saac Transportes;;;
19/11/2024;Tier 7;RS-000224;Autonomia;Inativo;José Bento;3.0;;3.0;45;Saac Transportes;;;
10/02/2026;Tier 7;RS-000972;Autonomia;Ativo;Leonardo Ansolin Landt;2.0;;2.0;45;Sanches Transportes e Armazéns Gerais Ltda;;;
10/02/2026;Tier 7;RS-000972;Autonomia;Ativo;Leonardo Ansolin Landt;2.0;;2.0;45;Sanches Transportes e Armazéns Gerais Ltda;;;
10/02/2026;Tier 7;RS-000972;Autonomia;Ativo;Leonardo Ansolin Landt;1.0;;1.0;45;Sanches Transportes e Armazéns Gerais Ltda;;;
10/02/2026;Tier 7;RS-000972;Autonomia;Ativo;Leonardo Ansolin Landt;4.0;;4.0;45;Sanches Transportes e Armazéns Gerais Ltda;;;
10/02/2026;Tier 7;RS-000972;Autonomia;Ativo;Leonardo Ansolin Landt;4.0;;4.0;45;Sanches Transportes e Armazéns Gerais Ltda;;;
28/01/2026;Tier 6;RS-000951;Rota Guiada;Ativo;José Bento;1.0;;1.0;60;Santin Equipamentos;;;
28/01/2026;Tier 6;RS-000951;Rota Guiada;Ativo;José Bento;2.0;;2.0;60;Santin Equipamentos;;;
28/01/2026;Tier 6;RS-000951;Rota Guiada;Ativo;José Bento;1.0;;1.0;60;Santin Equipamentos;;;
09/02/2026;Tier 8;RS-000968;Rota Guiada;Ativo;Lays Cunha;1.0;;1.0;30;Scitech;;;
09/02/2026;Tier 8;RS-000968;Rota Guiada;Ativo;Lays Cunha;1.0;;1.0;30;Scitech;;;
09/02/2026;Tier 8;RS-000968;Rota Guiada;Ativo;Lays Cunha;1.0;;1.0;30;Scitech;;;
09/02/2026;Tier 8;RS-000968;Rota Guiada;Ativo;Lays Cunha;1.0;;1.0;30;Scitech;;;
09/02/2026;Tier 8;RS-000968;Rota Guiada;Ativo;Lays Cunha;1.0;;1.0;30;Scitech;;;
27/12/2024;Tier 7;RS-000312;Rota Guiada;Inativo;José Bento;6.0;;6.0;45;SEGURA TRANSPORTES E LOGISTICA;;;
27/12/2024;Tier 7;RS-000312;Rota Guiada;Inativo;José Bento;1.0;;1.0;45;SEGURA TRANSPORTES E LOGISTICA;;;
17/07/2025;Tier 4;RS-000626;Autonomia;Recorrente;Leonardo Ansolin Landt;3.0;;3.0;110;SGT LOGISTICA LTDA;;;
17/07/2025;Tier 4;RS-000626;Autonomia;Recorrente;Leonardo Ansolin Landt;4.0;;4.0;110;SGT LOGISTICA LTDA;;;
17/07/2025;Tier 4;RS-000626;Autonomia;Recorrente;Leonardo Ansolin Landt;1.0;;1.0;110;SGT LOGISTICA LTDA;;;
17/07/2025;Tier 4;RS-000626;Autonomia;Recorrente;Leonardo Ansolin Landt;1.0;;1.0;110;SGT LOGISTICA LTDA;;;
17/07/2025;Tier 4;RS-000626;Autonomia;Recorrente;Leonardo Ansolin Landt;1.0;;1.0;110;SGT LOGISTICA LTDA;;;
17/07/2025;Tier 4;RS-000626;Autonomia;Recorrente;Leonardo Ansolin Landt;1.0;;1.0;110;SGT LOGISTICA LTDA;;;
17/07/2025;Tier 4;RS-000626;Autonomia;Recorrente;Leonardo Ansolin Landt;1.0;;1.0;110;SGT LOGISTICA LTDA;;;
17/07/2025;Tier 4;RS-000626;Autonomia;Recorrente;Leonardo Ansolin Landt;1.0;;1.0;110;SGT LOGISTICA LTDA;;;
17/07/2025;Tier 4;RS-000626;Autonomia;Recorrente;Leonardo Ansolin Landt;1.0;;1.0;110;SGT LOGISTICA LTDA;;;
17/07/2025;Tier 4;RS-000626;Autonomia;Recorrente;Leonardo Ansolin Landt;1.0;;1.0;110;SGT LOGISTICA LTDA;;;
17/07/2025;Tier 4;RS-000626;Autonomia;Recorrente;Leonardo Ansolin Landt;;29.0;29.0;110;SGT LOGISTICA LTDA;;;
04/03/2026;Tier 8;RS-001014;Rota Guiada;Ativo;Leonardo Ansolin Landt;;10.0;10.0;30;SOMIPA TRANSPORTES;;;
04/03/2026;Tier 8;RS-001014;Rota Guiada;Ativo;Leonardo Ansolin Landt;;;10.0;30;SOMIPA TRANSPORTES;;;
04/03/2026;Tier 8;RS-001014;Rota Guiada;Ativo;Leonardo Ansolin Landt;;10.0;10.0;30;SOMIPA TRANSPORTES;;;
14/03/2025;Tier 6;RS-000431;Piloto;Churn;Leonardo Ansolin Landt;12.0;;12.0;60;Spacegov Logistica e Transportes LTDA;;;
12/11/2025;Tier 6;RS-000824;Autonomia;Inativo;Leonardo Ansolin Landt;1.0;;1.0;60;SPINA LOGÍSTICA E TRANSPORTES LTDA;;;
12/11/2025;Tier 6;RS-000824;Autonomia;Inativo;Leonardo Ansolin Landt;8.0;;8.0;60;SPINA LOGÍSTICA E TRANSPORTES LTDA;;;
12/11/2025;Tier 6;RS-000824;Autonomia;Inativo;Leonardo Ansolin Landt;1.0;;1.0;60;SPINA LOGÍSTICA E TRANSPORTES LTDA;;;
12/11/2025;Tier 6;RS-000824;Autonomia;Inativo;Leonardo Ansolin Landt;1.0;;1.0;60;SPINA LOGÍSTICA E TRANSPORTES LTDA;;;
26/01/2026;Tier 7;RS-000945;Autonomia;Recorrente;Leonardo Ansolin Landt;3.0;;3.0;45;SPJR Transportes Ltda;;;
26/01/2026;Tier 7;RS-000945;Autonomia;Recorrente;Leonardo Ansolin Landt;1.0;;1.0;45;SPJR Transportes Ltda;;;
26/01/2026;Tier 7;RS-000945;Autonomia;Recorrente;Leonardo Ansolin Landt;1.0;;1.0;45;SPJR Transportes Ltda;;;
26/01/2026;Tier 7;RS-000945;Autonomia;Recorrente;Leonardo Ansolin Landt;1.0;;1.0;45;SPJR Transportes Ltda;;;
26/01/2026;Tier 7;RS-000945;Autonomia;Recorrente;Leonardo Ansolin Landt;2.0;;2.0;45;SPJR Transportes Ltda;;;
26/01/2026;Tier 7;RS-000945;Autonomia;Recorrente;Leonardo Ansolin Landt;2.0;;2.0;45;SPJR Transportes Ltda;;;
26/01/2026;Tier 7;RS-000945;Autonomia;Recorrente;Leonardo Ansolin Landt;1.0;;1.0;45;SPJR Transportes Ltda;;;
26/01/2026;Tier 7;RS-000945;Autonomia;Recorrente;Leonardo Ansolin Landt;1.0;;1.0;45;SPJR Transportes Ltda;;;
26/01/2026;Tier 7;RS-000945;Autonomia;Recorrente;Leonardo Ansolin Landt;1.0;;1.0;45;SPJR Transportes Ltda;;;
26/01/2026;Tier 7;RS-000945;Autonomia;Recorrente;Leonardo Ansolin Landt;1.0;;1.0;45;SPJR Transportes Ltda;;;
26/01/2026;Tier 7;RS-000945;Autonomia;Recorrente;Leonardo Ansolin Landt;1.0;;1.0;45;SPJR Transportes Ltda;;;
26/01/2026;Tier 7;RS-000945;Autonomia;Recorrente;Leonardo Ansolin Landt;1.0;;1.0;45;SPJR Transportes Ltda;;;
26/01/2026;Tier 7;RS-000945;Autonomia;Recorrente;Leonardo Ansolin Landt;1.0;;1.0;45;SPJR Transportes Ltda;;;
26/01/2026;Tier 7;RS-000945;Autonomia;Recorrente;Leonardo Ansolin Landt;1.0;;1.0;45;SPJR Transportes Ltda;;;
26/01/2026;Tier 7;RS-000945;Autonomia;Recorrente;Leonardo Ansolin Landt;1.0;;1.0;45;SPJR Transportes Ltda;;;
26/01/2026;Tier 7;RS-000945;Autonomia;Recorrente;Leonardo Ansolin Landt;1.0;;1.0;45;SPJR Transportes Ltda;;;
26/01/2026;Tier 7;RS-000945;Autonomia;Recorrente;Leonardo Ansolin Landt;1.0;;1.0;45;SPJR Transportes Ltda;;;
26/01/2026;Tier 7;RS-000945;Autonomia;Recorrente;Leonardo Ansolin Landt;1.0;;1.0;45;SPJR Transportes Ltda;;;
26/01/2026;Tier 7;RS-000945;Autonomia;Recorrente;Leonardo Ansolin Landt;1.0;;1.0;45;SPJR Transportes Ltda;;;
26/01/2026;Tier 7;RS-000945;Autonomia;Recorrente;Leonardo Ansolin Landt;1.0;;1.0;45;SPJR Transportes Ltda;;;
26/01/2026;Tier 7;RS-000945;Autonomia;Recorrente;Leonardo Ansolin Landt;1.0;;1.0;45;SPJR Transportes Ltda;;;
26/01/2026;Tier 7;RS-000945;Autonomia;Recorrente;Leonardo Ansolin Landt;1.0;;1.0;45;SPJR Transportes Ltda;;;
26/01/2026;Tier 7;RS-000945;Autonomia;Recorrente;Leonardo Ansolin Landt;1.0;;1.0;45;SPJR Transportes Ltda;;;
26/01/2026;Tier 7;RS-000945;Autonomia;Recorrente;Leonardo Ansolin Landt;1.0;;1.0;45;SPJR Transportes Ltda;;;
26/01/2026;Tier 7;RS-000945;Autonomia;Recorrente;Leonardo Ansolin Landt;1.0;;1.0;45;SPJR Transportes Ltda;;;
26/01/2026;Tier 7;RS-000945;Autonomia;Recorrente;Leonardo Ansolin Landt;1.0;;1.0;45;SPJR Transportes Ltda;;;
26/01/2026;Tier 7;RS-000945;Autonomia;Recorrente;Leonardo Ansolin Landt;1.0;;1.0;45;SPJR Transportes Ltda;;;
26/01/2026;Tier 7;RS-000945;Autonomia;Recorrente;Leonardo Ansolin Landt;2.0;;2.0;45;SPJR Transportes Ltda;;;
26/01/2026;Tier 7;RS-000945;Autonomia;Recorrente;Leonardo Ansolin Landt;1.0;;1.0;45;SPJR Transportes Ltda;;;
26/01/2026;Tier 7;RS-000945;Autonomia;Recorrente;Leonardo Ansolin Landt;2.0;;2.0;45;SPJR Transportes Ltda;;;
26/01/2026;Tier 7;RS-000945;Autonomia;Recorrente;Leonardo Ansolin Landt;2.0;;2.0;45;SPJR Transportes Ltda;;;
26/01/2026;Tier 7;RS-000945;Autonomia;Recorrente;Leonardo Ansolin Landt;;2.0;2.0;45;SPJR Transportes Ltda;;;
26/01/2026;Tier 7;RS-000945;Autonomia;Recorrente;Leonardo Ansolin Landt;;1.0;1.0;45;SPJR Transportes Ltda;;;
26/01/2026;Tier 7;RS-000945;Autonomia;Recorrente;Leonardo Ansolin Landt;;1.0;1.0;45;SPJR Transportes Ltda;;;
08/01/2026;Tier 4;RS-000920;Rota Guiada;Ativo;José Bento;1.0;;1.0;110;STE Logística;;;
08/01/2026;Tier 4;RS-000920;Rota Guiada;Ativo;José Bento;;;1.0;110;STE Logística;;;
08/01/2026;Tier 4;RS-000920;Rota Guiada;Ativo;José Bento;;;1.0;110;STE Logística;;;
08/01/2026;Tier 4;RS-000920;Rota Guiada;Ativo;José Bento;;1.0;1.0;110;STE Logística;;;
24/10/2024;Tier 3;RS-000176;Autonomia;Churn;Lays Cunha;1.0;;1.0;80;Supertex Concreto;;;
24/10/2024;Tier 3;RS-000176;Autonomia;Churn;Lays Cunha;7.0;;7.0;80;Supertex Concreto;;;
24/10/2024;Tier 3;RS-000176;Autonomia;Churn;Lays Cunha;2.0;;2.0;80;Supertex Concreto;;;
17/10/2025;Tier 5;RS-000778;Piloto;Inativo;José Bento;6.0;;6.0;100;TCA TRANSPORTES;;;
20/12/2025;Tier 7;RS-000906;Piloto;Inativo;José Bento;2.0;;2.0;45;TD TRANSPORTES;;;
27/02/2026;Tier 7;RS-001009;Início;Inativo;Lays Cunha;;;;45;TFex Logistica;;;
19/02/2026;Tier 7;RS-000994;Embarque;Inativo;Lays Cunha;;;;45;TFex Logistica;;;
10/11/2025;Tier 4;RS-000817;Piloto;Inativo;José Bento;1.0;;1.0;110;Transcodil LTDA;;;
25/07/2025;Tier 7;RS-000650;Rota Guiada;Ativo;Leonardo Ansolin Landt;3.0;;3.0;45;Trans Inácio;;;
25/07/2025;Tier 7;RS-000650;Rota Guiada;Ativo;Leonardo Ansolin Landt;8.0;;8.0;45;Trans Inácio;;;
13/08/2025;Tier 7;RS-000675;Piloto;Inativo;Leonardo Ansolin Landt;10.0;;10.0;45;TRANSJAB TRANSPORTES LTDA;;;
17/12/2025;Tier 3;RS-000894;Piloto;Ativo;José Bento;1.0;;1.0;120;TransMagnabosco;;;
19/05/2025;Tier 4;RS-000551;Rota Guiada;Inativo;José Bento;3.0;;3.0;110;TRANSMAZ LOGISTICA E TRANSPORTES LTDA;;;
19/05/2025;Tier 4;RS-000551;Rota Guiada;Inativo;José Bento;6.0;;6.0;110;TRANSMAZ LOGISTICA E TRANSPORTES LTDA;;;
13/02/2026;Tier 8;RS-000982;Autonomia;Ativo;Lays Cunha;1.0;;1.0;30;Transmidi Transportes;;;
13/02/2026;Tier 8;RS-000982;Autonomia;Ativo;Lays Cunha;1.0;;1.0;30;Transmidi Transportes;;;
13/02/2026;Tier 8;RS-000982;Autonomia;Ativo;Lays Cunha;1.0;;1.0;30;Transmidi Transportes;;;
13/02/2026;Tier 8;RS-000982;Autonomia;Ativo;Lays Cunha;1.0;;1.0;30;Transmidi Transportes;;;
13/02/2026;Tier 8;RS-000982;Autonomia;Ativo;Lays Cunha;1.0;;1.0;30;Transmidi Transportes;;;
13/02/2026;Tier 8;RS-000982;Autonomia;Ativo;Lays Cunha;1.0;;1.0;30;Transmidi Transportes;;;
13/02/2026;Tier 8;RS-000982;Autonomia;Ativo;Lays Cunha;1.0;;1.0;30;Transmidi Transportes;;;
13/02/2026;Tier 8;RS-000982;Autonomia;Ativo;Lays Cunha;1.0;;1.0;30;Transmidi Transportes;;;
13/02/2026;Tier 8;RS-000982;Autonomia;Ativo;Lays Cunha;1.0;;1.0;30;Transmidi Transportes;;;
13/02/2026;Tier 8;RS-000982;Autonomia;Ativo;Lays Cunha;1.0;;1.0;30;Transmidi Transportes;;;
13/02/2026;Tier 8;RS-000982;Autonomia;Ativo;Lays Cunha;1.0;;1.0;30;Transmidi Transportes;;;
13/02/2026;Tier 8;RS-000982;Autonomia;Ativo;Lays Cunha;;1.0;1.0;30;Transmidi Transportes;;;
13/02/2026;Tier 8;RS-000982;Autonomia;Ativo;Lays Cunha;1.0;;1.0;30;Transmidi Transportes;;;
13/01/2026;Tier 7;RS-000923;Piloto;Ativo;Lays Cunha;18.0;;18.0;45;TRANSMILK;;;
19/11/2024;Tier 5;RS-000227;Embarque;Churn;Leonardo Ansolin Landt;;;;100;Trans Natalino;;;
19/12/2025;Tier 5;RS-000905;Embarque;Inativo;José Bento;;;;100;Transorte Partipações Ltda;;;
20/10/2025;Tier 5;RS-000782;Piloto;Inativo;Leonardo Ansolin Landt;2.0;;2.0;100;Transpajos Transportes;;;
06/02/2025;Tier 7;RS-000366;Piloto;Inativo;José Bento;1.0;;1.0;45;Transpoglass Transportes Rodoviarios LTDA;;;
26/02/2026;Tier 2;RS-001004;Rota Guiada;Ativo;Leonardo Ansolin Landt;3.0;;3.0;130;Transportadora Ajofer Ltda;;;
26/02/2026;Tier 2;RS-001004;Rota Guiada;Ativo;Leonardo Ansolin Landt;;1.0;1.0;130;Transportadora Ajofer Ltda;;;
18/11/2024;Tier 7;RS-000215;Início;Churn;Leonardo Ansolin Landt;;;;45;Transportadora ipê amarelo;;;
21/07/2025;Tier 6;RS-000633;Embarque;Inativo;Leonardo Ansolin Landt;;;;60;Transportadora Nova Japi LTDA;;;
25/02/2026;Tier 4;RS-000999;Embarque;Inativo;José Bento;;;;110;Transportadora Radar;;;
09/02/2026;Tier 6;RS-000967;Embarque;Ativo;Leonardo Ansolin Landt;;;7.0;60;Transportadora Vale da Serra;;;
16/01/2026;Tier 4;RS-000931;Início;Ativo;Lays Cunha;;12.0;12.0;110;transportes Miltex;;;
11/03/2025;Tier 7;RS-000423;Rota Guiada;Inativo;José Bento;1.0;;1.0;45;TRANSPORTES TEIXEIRA VARAJAO;;;
11/03/2025;Tier 7;RS-000423;Rota Guiada;Inativo;José Bento;1.0;;1.0;45;TRANSPORTES TEIXEIRA VARAJAO;;;
11/03/2025;Tier 7;RS-000423;Rota Guiada;Inativo;José Bento;1.0;;1.0;45;TRANSPORTES TEIXEIRA VARAJAO;;;
11/03/2025;Tier 7;RS-000423;Rota Guiada;Inativo;José Bento;1.0;;1.0;45;TRANSPORTES TEIXEIRA VARAJAO;;;
11/03/2025;Tier 7;RS-000423;Rota Guiada;Inativo;José Bento;1.0;;1.0;45;TRANSPORTES TEIXEIRA VARAJAO;;;
11/12/2024;Tier 7;RS-000278;Autonomia;Churn;José Bento;14.0;;14.0;45;Transportes Transkaiuan;;;
11/12/2024;Tier 7;RS-000278;Autonomia;Churn;José Bento;14.0;;14.0;45;Transportes Transkaiuan;;;
11/12/2024;Tier 7;RS-000278;Autonomia;Churn;José Bento;7.0;;7.0;45;Transportes Transkaiuan;;;
11/12/2024;Tier 7;RS-000278;Autonomia;Churn;José Bento;8.0;;8.0;45;Transportes Transkaiuan;;;
11/12/2024;Tier 7;RS-000278;Autonomia;Churn;José Bento;6.0;;6.0;45;Transportes Transkaiuan;;;
01/10/2025;Tier 7;RS-000761;Piloto;Inativo;Leonardo Ansolin Landt;11.0;;11.0;45;Transportes Transprado;;;
27/09/2024;Tier 7;RS-000066;Autonomia;Churn;José Bento;1.0;;1.0;45;Trans Rebecchi;;;
27/09/2024;Tier 7;RS-000066;Autonomia;Churn;José Bento;1.0;;1.0;45;Trans Rebecchi;;;
27/09/2024;Tier 7;RS-000066;Autonomia;Churn;José Bento;;1.0;1.0;45;Trans Rebecchi;;;
27/09/2024;Tier 7;RS-000066;Autonomia;Churn;José Bento;2.0;;2.0;45;Trans Rebecchi;;;
27/09/2024;Tier 7;RS-000066;Autonomia;Churn;José Bento;1.0;;1.0;45;Trans Rebecchi;;;
18/11/2025;Tier 6;RS-000831;Piloto;Inativo;José Bento;3.0;;3.0;60;TRANS WERLE TRANSPORTES LTDA;;;
10/03/2025;Tier 5;RS-000417;Autonomia;Inativo;José Bento;7.0;;7.0;100;TRBSUL transportes;;;
10/03/2025;Tier 5;RS-000417;Autonomia;Inativo;José Bento;4.0;;4.0;100;TRBSUL transportes;;;
10/03/2025;Tier 5;RS-000417;Autonomia;Inativo;José Bento;4.0;;4.0;100;TRBSUL transportes;;;
10/03/2025;Tier 5;RS-000417;Autonomia;Inativo;José Bento;1.0;;1.0;100;TRBSUL transportes;;;
10/03/2025;Tier 5;RS-000417;Autonomia;Inativo;José Bento;4.0;;4.0;100;TRBSUL transportes;;;
19/11/2024;Tier 5;RS-000229;Embarque;Churn;Leonardo Ansolin Landt;;;;100;Trevo Transportes e Logistica LTDA;;;
31/01/2025;Tier 8;RS-000358;Autonomia;Churn;Leonardo Ansolin Landt;1.0;;1.0;30;Treze Transportes;;;
31/01/2025;Tier 8;RS-000358;Autonomia;Churn;Leonardo Ansolin Landt;1.0;;1.0;30;Treze Transportes;;;
31/01/2025;Tier 8;RS-000358;Autonomia;Churn;Leonardo Ansolin Landt;1.0;;1.0;30;Treze Transportes;;;
31/01/2025;Tier 8;RS-000358;Autonomia;Churn;Leonardo Ansolin Landt;1.0;;1.0;30;Treze Transportes;;;
31/01/2025;Tier 8;RS-000358;Autonomia;Churn;Leonardo Ansolin Landt;1.0;;1.0;30;Treze Transportes;;;
30/05/2025;Tier 5;RS-000572;Rota Guiada;Inativo;Leonardo Ansolin Landt;3.0;;3.0;100;TRF TRANSPORTES RODOVIARIOS REFRIGERADOS LTDA;;;
30/05/2025;Tier 5;RS-000572;Rota Guiada;Inativo;Leonardo Ansolin Landt;4.0;;4.0;100;TRF TRANSPORTES RODOVIARIOS REFRIGERADOS LTDA;;;
30/05/2025;Tier 5;RS-000572;Rota Guiada;Inativo;Leonardo Ansolin Landt;2.0;;2.0;100;TRF TRANSPORTES RODOVIARIOS REFRIGERADOS LTDA;;;
30/05/2025;Tier 5;RS-000572;Rota Guiada;Inativo;Leonardo Ansolin Landt;5.0;;5.0;100;TRF TRANSPORTES RODOVIARIOS REFRIGERADOS LTDA;;;
30/05/2025;Tier 5;RS-000572;Rota Guiada;Inativo;Leonardo Ansolin Landt;3.0;;3.0;100;TRF TRANSPORTES RODOVIARIOS REFRIGERADOS LTDA;;;
19/01/2026;Tier 7;RS-000932;Rota Guiada;Ativo;Lays Cunha;9.0;;9.0;45;TR Ricardo;;;
19/01/2026;Tier 7;RS-000932;Rota Guiada;Ativo;Lays Cunha;2.0;;2.0;45;TR Ricardo;;;
25/09/2024;Tier 8;RS-000050;Rota Guiada;Churn;José Bento;1.0;;1.0;30;Tudex;;;
25/09/2024;Tier 8;RS-000050;Rota Guiada;Churn;José Bento;1.0;;1.0;30;Tudex;;;
21/08/2025;Tier 7;RS-000687;Rota Guiada;Inativo;Leonardo Ansolin Landt;6.0;;6.0;45;Turassi Transportes;;;
21/08/2025;Tier 7;RS-000687;Rota Guiada;Inativo;Leonardo Ansolin Landt;6.0;;6.0;45;Turassi Transportes;;;
29/05/2025;Tier 7;RS-000571;Autonomia;Ativo;Leonardo Ansolin Landt;1.0;;1.0;45;Unica Transportes;;;
29/05/2025;Tier 7;RS-000571;Autonomia;Ativo;Leonardo Ansolin Landt;1.0;;1.0;45;Unica Transportes;;;
29/05/2025;Tier 7;RS-000571;Autonomia;Ativo;Leonardo Ansolin Landt;1.0;;1.0;45;Unica Transportes;;;
29/05/2025;Tier 7;RS-000571;Autonomia;Ativo;Leonardo Ansolin Landt;1.0;;1.0;45;Unica Transportes;;;
29/05/2025;Tier 7;RS-000571;Autonomia;Ativo;Leonardo Ansolin Landt;1.0;;1.0;45;Unica Transportes;;;
29/05/2025;Tier 7;RS-000571;Autonomia;Ativo;Leonardo Ansolin Landt;;1.0;1.0;45;Unica Transportes;;;
29/05/2025;Tier 7;RS-000571;Autonomia;Ativo;Leonardo Ansolin Landt;1.0;;1.0;45;Unica Transportes;;;
29/05/2025;Tier 7;RS-000571;Autonomia;Ativo;Leonardo Ansolin Landt;1.0;;1.0;45;Unica Transportes;;;
18/12/2025;Tier 8;RS-000898;Piloto;Ativo;Leonardo Ansolin Landt;18.0;;18.0;30;Via Minas Transportes;;;
16/12/2025;Tier 7;RS-000888;Rota Guiada;Inativo;Leonardo Ansolin Landt;1.0;;1.0;45;Vinislog Transp Logis e armazenagem Ltda;;;
16/12/2025;Tier 7;RS-000888;Rota Guiada;Inativo;Leonardo Ansolin Landt;1.0;;1.0;45;Vinislog Transp Logis e armazenagem Ltda;;;
16/12/2025;Tier 7;RS-000888;Rota Guiada;Inativo;Leonardo Ansolin Landt;1.0;;1.0;45;Vinislog Transp Logis e armazenagem Ltda;;;
03/12/2025;Tier 7;RS-000860;Autonomia;Ativo;Leonardo Ansolin Landt;1.0;;1.0;45;VS Transportes Express;;;
03/12/2025;Tier 7;RS-000860;Autonomia;Ativo;Leonardo Ansolin Landt;4.0;;4.0;45;VS Transportes Express;;;
03/12/2025;Tier 7;RS-000860;Autonomia;Ativo;Leonardo Ansolin Landt;7.0;;7.0;45;VS Transportes Express;;;
03/12/2025;Tier 7;RS-000860;Autonomia;Ativo;Leonardo Ansolin Landt;;1.0;1.0;45;VS Transportes Express;;;
03/12/2025;Tier 7;RS-000860;Autonomia;Ativo;Leonardo Ansolin Landt;3.0;;3.0;45;VS Transportes Express;;;
03/12/2025;Tier 7;RS-000860;Autonomia;Ativo;Leonardo Ansolin Landt;4.0;;4.0;45;VS Transportes Express;;;
03/12/2025;Tier 7;RS-000860;Autonomia;Ativo;Leonardo Ansolin Landt;1.0;;1.0;45;VS Transportes Express;;;
16/12/2025;Tier 5;RS-000891;Rota Guiada;Ativo;Leonardo Ansolin Landt;1.0;;1.0;100;XPM Soluções em Logística LTDA;;;
16/12/2025;Tier 5;RS-000891;Rota Guiada;Ativo;Leonardo Ansolin Landt;1.0;;1.0;100;XPM Soluções em Logística LTDA;;;
16/12/2025;Tier 5;RS-000891;Rota Guiada;Ativo;Leonardo Ansolin Landt;1.0;;1.0;100;XPM Soluções em Logística LTDA;;;
26/11/2024;Tier 7;RS-000238;Rota Guiada;Churn;José Bento;1.0;;1.0;45;Zeus Transportes;;;
26/11/2024;Tier 7;RS-000238;Rota Guiada;Churn;José Bento;1.0;;1.0;45;Zeus Transportes;;;
26/11/2024;Tier 7;RS-000238;Rota Guiada;Churn;José Bento;1.0;;1.0;45;Zeus Transportes;;;
26/11/2024;Tier 7;RS-000238;Rota Guiada;Churn;José Bento;1.0;;1.0;45;Zeus Transportes;;;
26/11/2024;Tier 7;RS-000238;Rota Guiada;Churn;José Bento;1.0;;1.0;45;Zeus Transportes;;;
27/12/2024;Tier 7;RS-000312;Rota Guiada;Inativo;José Bento;;;;;SEGURA TRANSPORTES E LOGISTICA;5651;09/10/2025;Gabriel Kegel
26/11/2024;Tier 7;RS-000238;Rota Guiada;Churn;José Bento;;;;;Zeus Transportes;99875;11/11/2025;Gabriel Kegel
29/01/2025;Tier 4;RS-000352;Autonomia;Inativo;Lua Gomes;;;;;Grupo Kung (Premier Resgate);108526;15/01/2026;Gabriel Kegel
11/03/2025;Tier 7;RS-000419;Rota Guiada;Inativo;Lua Gomes;;;;;UNIX LOGISTICA E TRANSPORTES LTDA;153275;17/01/2026;Gabriel Kegel
22/09/2025;Tier 7;RS-000737;Autonomia;Inativo;Lua Gomes;;;;;TRANSPORTES RODO CALVI LTDA;545695;13/01/2026;Gabriel Kegel
25/09/2024;Tier 8;RS-000034;Autonomia;Churn;José Bento;;;;;CRG Transportes;16437;11/12/2025;Gabriel Kegel
15/01/2026;Tier 8;RS-000928;Início;Ativo;Lua Gomes;;;;;GM TRANSPORTES;1890;15/01/2026;Gabriel Kegel
24/10/2025;Tier 3;RS-000789;Piloto;Inativo;Lua Gomes;;;;;Cavalheiro Logistics;135670;18/02/2026;Gabriel Kegel
27/11/2025;Tier 7;RS-000848;Piloto;Inativo;José Bento;;;;;Agrotrans Logística LTDA;84630;15/01/2026;Gabriel Kegel
02/10/2024;Tier 4;RS-000073;Rota Guiada;Inativo;Lua Gomes;;;;;Transportadora Brasil Central;0;19/02/2026;Gabriel Kegel
25/02/2026;Tier 4;RS-000999;Embarque;Inativo;José Bento;;;;;Transportadora Radar;500000;26/02/2026;Gabriel Kegel
11/12/2024;Tier 7;RS-000278;Autonomia;Churn;José Bento;;;;;Transportes Transkaiuan;0;06/11/2025;Gabriel Kegel
12/08/2025;Tier 7;RS-000672;Piloto;Inativo;José Bento;;;;;Cargiotran Transportes Ltda;311890;27/01/2026;Gabriel Kegel
26/12/2024;Tier 5;RS-000308;Rota Guiada;Ativo;Lua Gomes;;;;;EXPRESSO CONCÓRDIA LTDA;83355;24/02/2026;Gabriel Kegel
26/11/2024;Tier 5;RS-000239;Início;Churn;José Bento;;;;;ARIZONA LOGISTICA LTDA;200000;17/02/2026;Gabriel Kegel
20/01/2026;Tier 5;RS-000938;Embarque;Ativo;José Bento;;;;;POTENCIAL FLORESTAL COMERCIO E TRANSPORTE DE MADEIRA LTDA;334319;29/01/2026;Gabriel Kegel
02/10/2025;Tier 6;RS-000762;Autonomia;Inativo;José Bento;;;;;Faster Log;878502;16/02/2026;Gabriel Kegel
03/09/2025;Tier 3;RS-000715;Autonomia;Ativo;Lua Gomes;;;;;CMW TRANSPORTES LTDA;36141;12/02/2026;Gabriel Kegel
15/12/2025;Tier 5;RS-000885;Embarque;Inativo;Lua Gomes;;;;;União transportes e locação Ltda;440000;02/02/2026;Gabriel Kegel
15/04/2025;Tier 6;RS-000493;Embarque;Churn;José Bento;;;;;LORENVEL TRANSPORTES LTDA;400000;11/12/2025;Gabriel Kegel
11/04/2025;Tier 7;RS-000486;Rota Guiada;Inativo;Lua Gomes;;;;;VIA CARGAS TRANSPORTES;163500;01/12/2025;Gabriel Kegel
28/11/2025;Tier 7;RS-000852;Autonomia;Ativo;José Bento;;;;;Logma Transportes;4360;02/12/2025;Gabriel Kegel
30/07/2025;Tier 6;RS-000656;Embarque;Inativo;José Bento;;;;;Montanaro Transportes;400000;18/09/2025;Gabriel Kegel
28/05/2025;Tier 7;RS-000568;Embarque;Inativo;José Bento;;;;;AGILIX SERVIÇOS LOGISTICOS LTDA;42000;18/12/2025;Gabriel Kegel
22/07/2025;Tier 7;RS-000637;Piloto;Inativo;José Bento;;;;;DTL Logística LTDA;156748;10/12/2025;Gabriel Kegel
15/12/2025;Tier 8;RS-000884;Embarque;Inativo;Lua Gomes;;;;;RODOXISTO TRANSPORTES LTDA;44055;17/12/2025;Gabriel Kegel
11/02/2025;Tier 7;RS-000374;Piloto;Churn;Lua Gomes;;;;;Trans Kappler;234000;23/01/2026;Gabriel Kegel
10/04/2025;Tier 8;RS-000482;Rota Guiada;Ativo;José Bento;;;;;AJR MOVIMENTANDO EVENTOS;28478;09/12/2025;Gabriel Kegel
20/12/2025;Tier 7;RS-000906;Piloto;Inativo;José Bento;;;;;TD TRANSPORTES;4240;13/01/2026;Gabriel Kegel
13/12/2024;Tier 6;RS-000286;Rota Guiada;Inativo;Lua Gomes;;;;;Mundial Quimica do Brasil;18565;15/12/2025;Gabriel Kegel
10/10/2025;Tier 4;RS-000769;Piloto;Inativo;José Bento;;;;;Maranata Logística;514645;16/12/2025;Gabriel Kegel
29/09/2025;Tier 5;RS-000751;Embarque;Inativo;Lua Gomes;;;;;VALE DO TOCANTINS TRANSPORTES;400000;15/12/2025;Gabriel Kegel
26/08/2025;Tier 7;RS-000699;Piloto;Inativo;Lua Gomes;;;;;JK SOLUÇOES LOGISTICAS LTDA;349048;05/01/2026;Gabriel Kegel
24/03/2025;Tier 2;RS-000453;Embarque;Churn;Lua Gomes;;;;;Dominalog;115205;16/02/2026;Gabriel Kegel
17/12/2024;Tier 7;RS-000294;Início;Churn;Lua Gomes;;;;;TRANSCARBO;300000;17/02/2026;Gabriel Kegel
20/01/2026;Tier 5;RS-000937;Embarque;Ativo;Lua Gomes;;;;;Rotrans Transportes e Serviços LTDA;350605;28/01/2026;Gabriel Kegel
24/09/2024;Tier 5;RS-000023;Embarque;Churn;Lua Gomes;;;;;Plena Logística Ltda;300000;03/02/2026;Gabriel Kegel
23/06/2025;Tier 1;RS-000598;Rota Guiada;Inativo;José Bento;;;;;Reiter Log;90518;12/01/2026;Gabriel Kegel
08/10/2024;Tier 4;RS-000083;Autonomia;Churn;Lua Gomes;;;;;ETP Transparana;180500;04/02/2026;Gabriel Kegel
12/03/2025;Tier 4;RS-000425;Autonomia;Inativo;José Bento;;;;;BAUER EXPRESS;27668;07/01/2026;Gabriel Kegel
06/02/2025;Tier 7;RS-000366;Piloto;Inativo;José Bento;;;;;Transpoglass Transportes Rodoviarios LTDA;26638;02/10/2025;Gabriel Kegel
21/02/2025;Tier 3;RS-000399;Rota Guiada;Inativo;José Bento;;;;;ARGET LOGISTICA E TRANSPORTES LTDA (GTI);200250;10/10/2025;Gabriel Kegel
13/10/2025;Tier 6;RS-000772;Embarque;Inativo;Lua Gomes;;;;;CESARIO BERTO TRANSPORTES;400000;22/12/2025;Gabriel Kegel
04/02/2026;Tier 7;RS-000962;Autonomia;Ativo;Lua Gomes;;;;;Futura Express Servicos de Entrega e Coleta;81878;24/02/2026;Gabriel Kegel
21/08/2025;Tier 7;RS-000685;Embarque;Inativo;Lua Gomes;;;;;transaureo transportes;400000;18/12/2025;Gabriel Kegel
30/01/2026;Tier 6;RS-000957;Início;Ativo;Lua Gomes;;;;;Doces Vaz;0;16/02/2026;Gabriel Kegel
03/12/2025;Tier 5;RS-000863;Rota Guiada;Ativo;José Bento;;;;;MCK TRANSPORTADORA E COMERCIO LTDA;148;14/01/2026;Gabriel Kegel
10/12/2025;Tier 8;RS-000875;Piloto;Inativo;Lua Gomes;;;;;JC PRADO TRANSPORTES;788;18/02/2026;Gabriel Kegel
12/02/2026;Tier 7;RS-000977;Início;Inativo;José Bento;;;;;Gaft Soluções em Logistica Ltda;400000;12/02/2026;Gabriel Kegel
15/05/2025;Tier 8;RS-000541;Piloto;Inativo;Lua Gomes;;;;;MATEUS LAVANHOLLI UCELLA LOGÍSTICA LTDA;97565;11/12/2025;Gabriel Kegel
16/05/2025;Tier 7;RS-000542;Embarque;Inativo;José Bento;;;;;ALICON DO BRASIL TRANSPORTE E LOGISTICA LTDA;300000;10/12/2025;Gabriel Kegel
19/12/2024;Tier 7;RS-000301;Rota Guiada;Churn;José Bento;;;;;Rota Brasil Transportes e Logistica Ltda;9892;18/02/2026;Gabriel Kegel
17/06/2025;Tier 5;RS-000591;Piloto;Inativo;José Bento;;;;;Rapidão Bahia;16485;23/10/2025;Gabriel Kegel
12/02/2026;Tier 7;RS-000976;Autonomia;Ativo;Lua Gomes;;;;;F Pinheiro;10686;18/02/2026;Gabriel Kegel
26/02/2026;Tier 8;RS-001006;Piloto;Ativo;José Bento;;;;;Coruscant Ltda;103486;27/02/2026;Gabriel Kegel
28/11/2025;Tier 6;RS-000856;Embarque;Inativo;José Bento;;;;;RR TRANSPORTE E LOGISTICA LTDA;400000;;Gabriel Kegel
10/02/2025;Tier 6;RS-000371;Início;Churn;Lua Gomes;;;;;MARSON TRANSPORTES;1000000;06/11/2025;Gabriel Kegel
25/07/2025;Tier 6;RS-000647;Piloto;Inativo;José Bento;;;;;Renovare transportes ltda;4553;17/01/2026;Gabriel Kegel
29/07/2025;Tier 4;RS-000652;Embarque;Inativo;Lua Gomes;;;;;Fior e Fior;450000;11/12/2025;Gabriel Kegel
05/09/2025;Tier 6;RS-000721;Embarque;Inativo;Lua Gomes;;;;;TGA Tech;400000;13/11/2025;Gabriel Kegel
09/05/2025;Tier 7;RS-000521;Rota Guiada;Inativo;Lua Gomes;;;;;Kinglog logística;115990;06/11/2025;Gabriel Kegel
20/12/2024;Tier 5;RS-000303;Rota Guiada;Ativo;José Bento;;;;;Ala Cargo;85849;10/02/2026;Gabriel Kegel
24/10/2025;Tier 6;RS-000790;Autonomia;Ativo;José Bento;;;;;BENINI E CIA;283842;18/02/2026;Gabriel Kegel
04/09/2025;Tier 1;RS-000718;Rota Guiada;Inativo;Lua Gomes;;;;;Zero Carbon Logistics S.A.;13830;16/02/2026;Gabriel Kegel
28/05/2025;Tier 7;RS-000566;Embarque;Inativo;José Bento;;;;;Lvz Transportes e Logistica LTDA;400000;11/12/2025;Gabriel Kegel
19/11/2024;Tier 7;RS-000224;Autonomia;Inativo;José Bento;;;;;Saac Transportes;574368;12/02/2026;Gabriel Kegel
18/10/2024;Tier 5;RS-000100;Autonomia;Churn;Lua Gomes;;;;;Rodomax Transportes Ltda;27097;07/11/2025;Gabriel Kegel
30/10/2024;Tier 7;RS-000186;Rota Guiada;Churn;José Bento;;;;;Popov Transportes LTDA;0;03/02/2026;Gabriel Kegel
09/02/2026;Tier 8;RS-000970;Rota Guiada;Ativo;José Bento;;;;;Macheto;32535;16/02/2026;Gabriel Kegel
05/08/2025;Tier 5;RS-000663;Embarque;Inativo;José Bento;;;;;KAIROS LOG TRANSPORTES LTDA;440000;28/10/2025;Gabriel Kegel
29/11/2024;Tier 6;RS-000257;Rota Guiada;Churn;Lua Gomes;;;;;TRANSPORTES ADRE LTDA;20900;26/11/2025;Gabriel Kegel
20/02/2025;Tier 5;RS-000397;Autonomia;Inativo;José Bento;;;;;i9 Transportes;113967;23/01/2026;Gabriel Kegel
01/10/2025;Tier 8;RS-000759;Piloto;Ativo;Lua Gomes;;;;;Transleg Transportes;10461;17/01/2026;Gabriel Kegel
11/10/2024;Tier 7;RS-000091;Piloto;Churn;José Bento;;;;;Riber Mac transportes e logística ltda;0;13/02/2026;Gabriel Kegel
11/03/2025;Tier 2;RS-000420;Embarque;Churn;Lua Gomes;;;;;GLOBAL LOGISTICA RODOPRIMA;200000;08/12/2025;Gabriel Kegel
11/03/2025;Tier 7;RS-000423;Rota Guiada;Inativo;José Bento;;;;;TRANSPORTES TEIXEIRA VARAJAO;116565;09/10/2025;Gabriel Kegel
25/11/2024;Tier 7;RS-000237;Autonomia;Churn;Lua Gomes;;;;;ZAFFTRANS;46245;26/09/2025;Gabriel Kegel
05/02/2026;Tier 8;RS-000964;Autonomia;Ativo;Lua Gomes;;;;;Comercial MT de produtos alimentícios;25144;18/02/2026;Gabriel Kegel
29/11/2024;Tier 2;RS-000255;Piloto;Churn;Lua Gomes;;;;;Transportadora Garbuio;49563;26/09/2025;Gabriel Kegel
11/04/2025;Tier 7;RS-000483;Piloto;Inativo;Lua Gomes;;;;;LG LOG;162874;09/02/2026;Gabriel Kegel
26/01/2026;Tier 4;RS-000946;Embarque;Inativo;Lua Gomes;;;;;DIESELCOM TRANSP. E REV. DE DIESEL COMBUSTIVEL LTDA;400000;13/02/2026;Gabriel Kegel
14/01/2025;Tier 7;RS-000332;Rota Guiada;Churn;José Bento;;;;;Maclaren Transportes ltda;0;10/02/2026;Gabriel Kegel
28/03/2025;Tier 5;RS-000460;Embarque;Churn;Lua Gomes;;;;;Teixeira Transportes;200000;17/01/2026;Gabriel Kegel
30/05/2025;Tier 3;RS-000573;Autonomia;Ativo;José Bento;;;;;RV IMOLA TRANSPORTES E LOGISTICA LTDA;45014;17/02/2026;Gabriel Kegel
15/08/2025;Tier 6;RS-000680;Embarque;Inativo;José Bento;;;;;PACHECO & PACHECO TRANSPORTES LTDA;19756;13/01/2026;Gabriel Kegel
28/11/2025;Tier 8;RS-000850;Piloto;Inativo;José Bento;;;;;FLYVILLE TRANSPORTES LTDA;161953;05/12/2025;Gabriel Kegel
31/03/2025;Tier 5;RS-000465;Autonomia;Inativo;Lua Gomes;;;;;Transportes Garberg;209431;18/02/2026;Gabriel Kegel
22/08/2025;Tier 8;RS-000689;Autonomia;Inativo;Lua Gomes;;;;;Transfera;124;16/02/2026;Gabriel Kegel
29/12/2025;Tier 6;RS-000911;Embarque;Inativo;José Bento;;;;;Mausa e maia transportes ltda;400000;05/02/2026;Gabriel Kegel
25/09/2024;Tier 5;RS-000041;Rota Guiada;Churn;Lua Gomes;;;;;Kremer Transportes;26130;07/11/2025;Gabriel Kegel
15/09/2025;Tier 7;RS-000729;Rota Guiada;Inativo;José Bento;;;;;Realmed Logística;160200;09/02/2026;Gabriel Kegel
13/12/2024;Tier 6;RS-000290;Rota Guiada;Inativo;Lua Gomes;;;;;Rodomini Transportes;0;04/11/2025;Gabriel Kegel
17/12/2025;Tier 8;RS-000895;Embarque;Inativo;Lua Gomes;;;;;Aro Transportes;400000;28/01/2026;Gabriel Kegel
02/04/2025;Tier 8;RS-000470;Rota Guiada;Inativo;José Bento;;;;;RFA TRANSPORTE E LOGÍSTICA;0;09/12/2025;Gabriel Kegel
19/12/2025;Tier 5;RS-000905;Embarque;Inativo;José Bento;;;;;Transorte Partipações Ltda;400000;09/02/2026;Gabriel Kegel
21/10/2025;Tier 8;RS-000783;Piloto;Inativo;José Bento;;;;;J&S Transportes ABC ltda;360;15/01/2026;Gabriel Kegel
10/04/2025;Tier 6;RS-000479;Rota Guiada;Inativo;Lua Gomes;;;;;ON TIME SOLUÇÕES EM LOGISTICA LTDA;77591;16/12/2025;Gabriel Kegel
10/03/2025;Tier 5;RS-000417;Autonomia;Inativo;José Bento;;;;;TRBSUL transportes;50228;10/12/2025;Gabriel Kegel
28/11/2024;Tier 3;RS-000250;Rota Guiada;Inativo;Lua Gomes;;;;;Cootravale;30404;17/02/2026;Gabriel Kegel
05/01/2026;Tier 8;RS-000916;Piloto;Ativo;Lua Gomes;;;;;Tiger Log transportes;1753;05/01/2026;Gabriel Kegel
24/04/2025;Tier 8;RS-000503;Piloto;Inativo;Lua Gomes;;;;;BRAVOX TRANSPORTES;119480;09/10/2025;Gabriel Kegel
24/02/2026;Tier 5;RS-000997;Embarque;Inativo;Lua Gomes;;;;;Transcontinetal Logística;400000;25/02/2026;Gabriel Kegel
24/02/2025;Tier 7;RS-000403;Início;Churn;José Bento;;;;;LOGISTICA NACIONAL;300000;11/12/2025;Gabriel Kegel
05/12/2025;Tier 7;RS-000867;Rota Guiada;Ativo;Lua Gomes;;;;;O.S.K transportes;172843;18/02/2026;Gabriel Kegel
29/01/2026;Tier 3;RS-000953;Autonomia;Ativo;José Bento;;;;;Rodojunior;4610;12/02/2026;Gabriel Kegel
06/03/2026;Tier 7;RS-001020;Embarque;Inativo;José Bento;;;;;Dajex Transportes;379975;10/03/2026;Gabriel Kegel
29/11/2024;Tier 7;RS-000253;Embarque;Churn;José Bento;;;;;RODOMAM TRANSPORTES LTDA;400000;17/01/2026;Gabriel Kegel
30/04/2025;Tier 7;RS-000511;Início;Churn;José Bento;;;;;LASSALLI E RAMOS TRANSPORTES LTDA;300000;17/01/2026;Gabriel Kegel
26/08/2025;Tier 6;RS-000697;Embarque;Inativo;Lua Gomes;;;;;Transhow;400000;05/12/2025;Gabriel Kegel
28/07/2025;Tier 6;RS-000651;Embarque;Inativo;Lua Gomes;;;;;MAXIMUS TRANSPORTE E LOGISTICA DE CARGAS;400000;28/10/2025;Gabriel Kegel
16/09/2025;Tier 3;RS-000735;Piloto;Inativo;Lua Gomes;;;;;Turilessa LTDA;7311;17/02/2026;Gabriel Kegel
06/12/2024;Tier 5;RS-000271;Rota Guiada;Churn;Lua Gomes;;;;;AL TRANSPORTES;223884;05/02/2026;Gabriel Kegel
17/12/2025;Tier 3;RS-000894;Piloto;Ativo;José Bento;;;;;TransMagnabosco;755945;18/12/2025;Gabriel Kegel
26/06/2025;Tier 6;RS-000600;Rota Guiada;Ativo;José Bento;;;;;Ecotrans - Ecologia Transportes e Logistica Ltda;943;19/02/2026;Gabriel Kegel
24/07/2025;Tier 2;RS-000644;Piloto;Inativo;Lua Gomes;;;;;Translima;200013;24/11/2025;Gabriel Kegel
09/12/2025;Tier 7;RS-000873;Piloto;Ativo;Lua Gomes;;;;;Corporate Logistics do Brasil;377660;18/02/2026;Gabriel Kegel
28/08/2025;Tier 6;RS-000704;Embarque;Inativo;Lua Gomes;;;;;Transmeta;400000;29/01/2026;Gabriel Kegel
29/08/2025;Tier 5;RS-000706;Embarque;Inativo;Lua Gomes;;;;;LEALES LOG LOGISTICA INTEGRADA;410000;13/02/2026;Gabriel Kegel
18/11/2025;Tier 6;RS-000831;Piloto;Inativo;José Bento;;;;;TRANS WERLE TRANSPORTES LTDA;276646;15/01/2026;Gabriel Kegel
11/04/2025;Tier 4;RS-000484;Rota Guiada;Inativo;José Bento;;;;;ANClog;3550;17/11/2025;Gabriel Kegel
11/02/2025;Tier 5;RS-000378;Piloto;Churn;Lua Gomes;;;;;EBB TRANSPORTES LTDA;680;16/12/2025;Gabriel Kegel
24/10/2025;Tier 5;RS-000787;Rota Guiada;Ativo;José Bento;;;;;ROTA 381 TRANSPORTES;31040;20/02/2026;Gabriel Kegel
26/05/2025;Tier 4;RS-000562;Autonomia;Recorrente;Lua Gomes;;;;;Rodoviário Camilo dos Santos;31009;03/02/2026;Gabriel Kegel
28/01/2026;Tier 6;RS-000951;Rota Guiada;Ativo;José Bento;;;;;Santin Equipamentos;317773;19/02/2026;Gabriel Kegel
03/03/2026;Tier 6;RS-001012;Piloto;Ativo;José Bento;;;;;Magnum Tires;255750;03/03/2026;Gabriel Kegel
14/10/2024;Tier 6;RS-000093;Piloto;Churn;José Bento;;;;;K-THA TRANSPORTES;214690;17/01/2026;Gabriel Kegel
30/09/2025;Tier 7;RS-000755;Piloto;Inativo;Lua Gomes;;;;;Logfadel transportes;165700;13/01/2026;Gabriel Kegel
27/09/2024;Tier 7;RS-000060;Rota Guiada;Churn;Lua Gomes;;;;;Modal Rodoviário BRASIL Transportes;75053;11/11/2025;Gabriel Kegel
27/09/2024;Tier 8;RS-000059;Rota Guiada;Ativo;Lua Gomes;;;;;G&E Group;5082;18/02/2026;Gabriel Kegel
20/01/2026;Tier 7;RS-000936;Piloto;Ativo;Lua Gomes;;;;;Capixaba;373300;01/02/2026;Gabriel Kegel
18/02/2026;Tier 8;RS-000988;Rota Guiada;Ativo;José Bento;;;;;RC ARMAZEM E LOGISTICA LTDA;91865;18/02/2026;Gabriel Kegel
27/09/2024;Tier 4;RS-000064;Piloto;Churn;Lua Gomes;;;;;RODOLEVE TRANSPORTES LTDA;79300;17/02/2026;Gabriel Kegel
27/09/2024;Tier 6;RS-000062;Piloto;Churn;José Bento;;;;;NASA TRANSPORTES;218565;04/09/2025;Gabriel Kegel
25/09/2024;Tier 8;RS-000049;Embarque;Churn;Lua Gomes;;;;;Tec logistica;200000;17/12/2025;Gabriel Kegel
25/09/2024;Tier 8;RS-000050;Rota Guiada;Churn;José Bento;;;;;Tudex;107885;18/11/2025;Gabriel Kegel
27/09/2024;Tier 7;RS-000066;Autonomia;Churn;José Bento;;;;;Trans Rebecchi;20151;19/01/2026;Gabriel Kegel
01/10/2025;Tier 7;RS-000758;Embarque;Inativo;Lua Gomes;;;;;Passaro Transportes;400000;05/12/2025;Gabriel Kegel
27/11/2025;Tier 6;RS-000844;Autonomia;Ativo;Lua Gomes;;;;;LOGISALL BRASIL LOGISTICA;107345;18/02/2026;Gabriel Kegel
09/02/2026;Tier 6;RS-000969;Autonomia;Ativo;Lua Gomes;;;;;EOTVOS TRANSPORTADORA LTDA;138862;24/02/2026;Gabriel Kegel
14/05/2025;Tier 7;RS-000534;Piloto;Inativo;Lua Gomes;;;;;LEVE EXPRESSO TRANSPORTES LTDA;351139;19/11/2025;Gabriel Kegel
23/02/2026;Tier 8;RS-000996;Rota Guiada;Ativo;José Bento;;;;;Pikolin Colchões do Brasil;5043;24/02/2026;Gabriel Kegel
16/09/2025;Tier 6;RS-000734;Embarque;Inativo;Lua Gomes;;;;;SP NSB TRANSPORTES E LOGÍSTICA LTDA;400000;19/11/2025;Gabriel Kegel
11/02/2026;Tier 5;RS-000973;Piloto;Ativo;Lua Gomes;;;;;KJL TRANSPORTES LTDA;115395;17/02/2026;Gabriel Kegel
19/05/2025;Tier 4;RS-000551;Rota Guiada;Inativo;José Bento;;;;;TRANSMAZ LOGISTICA E TRANSPORTES LTDA;461997;09/10/2025;Gabriel Kegel
12/02/2026;Tier 6;RS-000981;Embarque;Inativo;José Bento;;;;;Brasil Way Logistica;379725;24/02/2026;Gabriel Kegel
02/02/2026;Tier 8;RS-000958;Embarque;Inativo;Lua Gomes;;;;;Ibexx eventos;91110;;Gabriel Kegel
27/05/2025;Tier 5;RS-000563;Rota Guiada;Inativo;Lua Gomes;;;;;Euro Transportes de Cargas;5575;15/01/2026;Gabriel Kegel
17/10/2025;Tier 7;RS-000779;Piloto;Ativo;Lua Gomes;;;;;AVAL TRANSPORTADORA;361002;27/02/2026;Gabriel Kegel
10/11/2025;Tier 4;RS-000817;Piloto;Inativo;José Bento;;;;;Transcodil LTDA;104355;16/02/2026;Gabriel Kegel
30/11/2024;Tier 5;RS-000260;Autonomia;Churn;José Bento;;;;;2AE AEREO E RODOVIARIO TRANSPORTES;9968;06/11/2025;Gabriel Kegel
20/02/2026;Tier 2;RS-000995;Embarque;Inativo;José Bento;;;;;Grupo Penta LTDA;300000;23/02/2026;Gabriel Kegel
27/01/2026;Tier 3;RS-000947;Autonomia;Recorrente;José Bento;;;;;Risso Encomendas;152945;04/02/2026;Gabriel Kegel
25/09/2024;Tier 7;RS-000037;Piloto;Churn;Lua Gomes;;;;;Modal Sul Transportes;53562;22/10/2025;Gabriel Kegel
31/10/2025;Tier 5;RS-000803;Piloto;Inativo;Lua Gomes;;;;;PIANETTO TRANSPORTES LOGISTICA;258404;16/02/2026;Gabriel Kegel
11/11/2025;Tier 5;RS-000822;Embarque;Recorrente;José Bento;;;;;Leofran Transportes LTDA;102758;18/02/2026;Gabriel Kegel
16/12/2025;Tier 7;RS-000890;Piloto;Inativo;José Bento;;;;;EXPRESSO WGP;3855;12/02/2026;Gabriel Kegel
08/01/2026;Tier 4;RS-000920;Rota Guiada;Ativo;José Bento;;;;;STE Logística;103880;18/02/2026;Gabriel Kegel
10/12/2024;Tier 6;RS-000276;Piloto;Inativo;José Bento;;;;;GIRO TRANSPORTES LTDA;0;11/12/2025;Gabriel Kegel
17/10/2025;Tier 5;RS-000778;Piloto;Inativo;José Bento;;;;;TCA TRANSPORTES;67585;09/01/2026;Gabriel Kegel
19/02/2026;Tier 7;RS-000991;Autonomia;Ativo;Lua Gomes;;;;;FORTLINE Ind. Móveis LTDA;45390;19/02/2026;Gabriel Kegel
27/02/2026;Tier 5;RS-001007;Embarque;Inativo;José Bento;;;;;Ecopower;119400;27/02/2026;Gabriel Kegel
29/07/2025;Tier 7;RS-000654;Embarque;Inativo;José Bento;;;;;Godi Transportes;337000;07/11/2025;Gabriel Kegel
19/11/2024;Tier 1;RS-000226;Autonomia;Inativo;Lua Gomes;;;;;Transportadora Print;478550;25/02/2026;Gabriel Kegel
18/02/2025;Tier 7;RS-000393;Rota Guiada;Inativo;José Bento;;;;;MP Transporte Rodoviário de Carga LTDA;28905;11/12/2025;Gabriel Kegel
23/01/2026;Tier 8;RS-000943;Rota Guiada;Ativo;Lua Gomes;;;;;Criscuolo e piaz;82260;19/02/2026;Gabriel Kegel
